Processor,CPU.Mark,Price
Intel Xeon Platinum 8173M @ 2.00GHz,28860,
Intel Xeon Gold 6154 @ 3.00GHz,27789,3543
Intel Core i9-7980XE @ 2.60GHz,27764,1891.27
Intel Xeon W-2195 @ 2.30GHz,26470,2553
Intel Core i9-7960X @ 2.80GHz,25493,1564.14
Intel Xeon Gold 6138 @ 2.00GHz,25416,2689.99
Intel Xeon E5-2679 v4 @ 2.50GHz,25236,2702
Intel Core i9-7940X @ 3.10GHz,25047,1369.79
Intel Xeon E5-2697A v4 @ 2.60GHz,23609,
Intel Xeon E5-2699 v4 @ 2.20GHz,23392,8010
Intel Core i9-7920X @ 2.90GHz,23238,1101.01
Intel Xeon E5-2696 v3 @ 2.30GHz,22526,2498
Intel Xeon W-2155 @ 3.30GHz,22409,1440
Intel Xeon E5-2699 v3 @ 2.30GHz,22358,3353.9
Intel Core i9-7900X @ 3.30GHz,22281,921.99
AMD Ryzen Threadripper 1950X,22069,899
Intel Xeon E5-2698 v4 @ 2.20GHz,21789,3226
Intel Xeon E5-2673 v4 @ 2.30GHz,21625,
Intel Xeon W-2150B @ 3.00GHz,21581,
Intel Xeon E5-2697 v4 @ 2.30GHz,21525,2805
Intel Xeon E5-2697 v3 @ 2.60GHz,21488,2661.9
Intel Xeon E5-2696 v4 @ 2.20GHz,21331,3009.95
Intel Xeon E5-2690 v4 @ 2.60GHz,21323,2360.37
Intel Xeon E5-2698 v3 @ 2.30GHz,21149,3424.02
Intel Xeon Gold 6136 @ 3.00GHz,20412,2609.99
Intel Xeon E5-2695 v3 @ 2.30GHz,20346,2499.99
Intel Xeon E5-2695 v4 @ 2.10GHz,20258,2483.99
Intel Xeon Gold 6130 @ 2.10GHz,20222,1984.99
Intel Core i7-6950X @ 3.00GHz,19999,1575.55
Intel Xeon E5-2680 v4 @ 2.40GHz,19953,1762.9
Intel Xeon E5-2687W v4 @ 3.00GHz,19950,2307.31
Intel Xeon W-2145 @ 3.70GHz,19890,1113
Intel Xeon Gold 6144 @ 3.50GHz,19833,2925
Intel Xeon E5-2689 v4 @ 3.10GHz,19521,
Intel Xeon E5-2686 v3 @ 2.00GHz,19255,
Intel Xeon E5-2690 v3 @ 2.60GHz,19240,2359.99
Intel Xeon E5-2683 v4 @ 2.10GHz,19047,1899.99
AMD EPYC 7501,18942,3649.99
Intel Core i7-7820X @ 3.60GHz,18641,469.99
Intel Xeon E5-2680 v3 @ 2.50GHz,18626,2008.95
Intel Core i7-7900X @ 3.30GHz,18539,
AMD EPYC 7551,18483,3699.99
AMD EPYC 7401P,18465,1149.99
Intel Xeon E5-1681 v3 @ 2.90GHz,18238,
AMD Ryzen Threadripper 1920X,18207,749.99
Intel Xeon Gold 5120T @ 2.20GHz,18145,1727
Intel Xeon Gold 6134 @ 3.20GHz,18083,2348.26
Intel Xeon W-2140B @ 3.20GHz,18016,
Intel Xeon E5-4660 v3 @ 2.10GHz,18007,4800
AMD EPYC 7351P,17991,768.43
Intel Xeon E5-2660 v4 @ 2.00GHz,17786,1489.97
Intel Xeon E5-2687W v3 @ 3.10GHz,17719,3009.95
Intel Core i7-6900K @ 3.20GHz,17690,1077.04
Intel Xeon E5-2676 v3 @ 2.40GHz,17652,
Intel Xeon E5-2697 v2 @ 2.70GHz,17425,2235.02
Intel Xeon E5-2683 v3 @ 2.00GHz,17422,1984.99
Intel Xeon E5-1680 v4 @ 3.40GHz,17089,
Intel Xeon E5-2673 v3 @ 2.40GHz,16982,700
Intel Xeon E5-2678 v3 @ 2.50GHz,16905,
Intel Xeon Silver 4116 @ 2.10GHz,16723,1121.16
Intel Xeon E5-2696 v2 @ 2.50GHz,16681,
Intel Xeon E5-2667 v4 @ 3.20GHz,16654,2486.48
Intel Xeon E5-1680 v3 @ 3.20GHz,16649,
Intel Xeon E5-2670 v3 @ 2.30GHz,16619,1450
Intel Xeon E5-1680 v2 @ 3.00GHz,16524,
Intel Xeon E5-2690 v2 @ 3.00GHz,16503,624
Intel Xeon E5-2687W v2 @ 3.40GHz,16484,3713.55
Intel Xeon W-2135 @ 3.70GHz,16460,989.48
Intel Xeon E5-2673 v2 @ 3.30GHz,16320,
Intel Xeon E5-2658 v3 @ 2.20GHz,16298,
Intel Xeon E5-2658 v4 @ 2.30GHz,16290,
Intel Xeon E5-1660 v4 @ 3.20GHz,16262,
Intel Xeon E5-2660 v3 @ 2.60GHz,16151,1529.95
Intel Xeon E5-2667 v3 @ 3.20GHz,16101,2259.95
Intel Xeon E5-2667 v2 @ 3.30GHz,16093,742
Intel Core i7-8700K @ 3.70GHz,16069,347.89
Intel Xeon E5-2692 v2 @ 2.20GHz,16018,
Intel Core i7-5960X @ 3.00GHz,15978,901.31
Intel Xeon E5-2650 v4 @ 2.20GHz,15975,1169.99
Intel Xeon E5-2680 v2 @ 2.80GHz,15963,401.41
Intel Xeon E5-2695 v2 @ 2.40GHz,15847,1774.85
Intel Xeon E5-4627 v4 @ 2.60GHz,15516,
AMD Ryzen 7 1800X,15403,314.99
Intel Xeon E5-2682 v4 @ 2.50GHz,15333,
Intel Xeon E5-2640 v4 @ 2.40GHz,15331,974.99
AMD Ryzen Threadripper 1900X,15298,449.5
Intel Core i7-8700 @ 3.20GHz,15242,301.99
AMD Ryzen 7 PRO 1700X,15221,
Intel Xeon E5-2675 v3 @ 1.80GHz,15156,
Intel Xeon E5-2670 v2 @ 2.50GHz,15031,492.77
Intel Xeon Gold 6128 @ 3.40GHz,14959,1697
Intel Xeon E5-2650 v3 @ 2.30GHz,14941,970
AMD Ryzen 7 PRO 1700,14859,
Intel Xeon D-1567 @ 2.10GHz,14693,
Intel Xeon E5-2649 v3 @ 2.30GHz,14673,
AMD Ryzen 7 1700X,14628,283.97
Intel Xeon E5-2618L v4 @ 2.20GHz,14592,779
Intel Core i7-7800X @ 3.50GHz,14502,379.99
Intel Xeon Silver 4114 @ 2.20GHz,14466,744.73
Intel Xeon E5-1660 v3 @ 3.00GHz,14423,1616.49
Intel Xeon W-2133 @ 3.60GHz,14419,617
Intel Xeon E5-2687W @ 3.10GHz,14404,964.98
Intel Core i7-6850K @ 3.60GHz,14388,449
Intel Xeon E5-1650 v4 @ 3.60GHz,14238,629.99
Intel Xeon E5-4627 v3 @ 2.60GHz,14219,2400
Intel Xeon E5-2685 v3 @ 2.60GHz,14154,
Intel Xeon E5-2658 v2 @ 2.40GHz,14128,
Intel Xeon E5-2650L v4 @ 1.70GHz,14093,1496
Intel Xeon E5-2640 v3 @ 2.60GHz,14077,975.24
Intel Xeon E5-2663 v3 @ 2.80GHz,13994,
Intel Xeon E5-2690 @ 2.90GHz,13992,213.17
Intel Xeon D-1587 @ 1.70GHz,13950,
Intel Xeon E5-2630 v4 @ 2.20GHz,13934,708.5
Intel Core i7-4960X @ 3.60GHz,13833,1741.73
Intel Core i7-8700T @ 2.40GHz,13813,421.21
Intel Xeon E5-2643 v3 @ 3.40GHz,13801,1829.48
Intel Xeon E5-1660 v2 @ 3.70GHz,13777,1808.95
AMD Ryzen 7 1700,13749,254.99
Intel Xeon E-2186M @ 2.90GHz,13681,623
Intel Xeon E5-2689 @ 2.60GHz,13644,
Intel Core i7-5930K @ 3.50GHz,13642,613.07
Intel Xeon E5-4669 v4 @ 2.20GHz,13626,
Intel Xeon E5-1650 v3 @ 3.50GHz,13604,667.79
Intel Core i7-6800K @ 3.40GHz,13602,409.99
Intel Xeon E5-2643 v4 @ 3.40GHz,13600,1719.05
Intel Xeon E5-2660 v2 @ 2.20GHz,13564,527.5
AMD Ryzen 5 1600X,13558,197.99
Intel Xeon E5-2650L v3 @ 1.80GHz,13390,1010
Intel Xeon E5-2650 v2 @ 2.60GHz,13087,541.59
Intel Xeon E5-2628L v4 @ 1.90GHz,13041,1364
Intel Core i7-4930K @ 3.40GHz,13039,709.9
Intel Core i7-5820K @ 3.30GHz,12998,452.5
Intel Xeon E5-2648L v4 @ 1.80GHz,12883,
Intel Xeon E5-2630L v4 @ 1.80GHz,12847,
Intel Xeon E5-2630 v3 @ 2.40GHz,12828,668.94
Intel Core i5-8600K @ 3.60GHz,12802,238.99
Intel Xeon E5-4640 v3 @ 1.90GHz,12703,
Intel Xeon E5-1650 v2 @ 3.50GHz,12677,644.95
Intel Xeon E5-2680 @ 2.70GHz,12654,189.64
Intel Core i7-3970X @ 3.50GHz,12643,435
Intel Xeon W-2125 @ 4.00GHz,12638,444
Intel Core i7-3960X @ 3.30GHz,12633,749.5
Intel Xeon E5-2618L v3 @ 2.30GHz,12508,
Intel Core i5-8500 @ 3.00GHz,12388,204.99
AMD Ryzen 5 1600,12381,174.99
Intel Xeon E5-1660 @ 3.30GHz,12376,1226.66
Intel Xeon E5-2648L v3 @ 1.80GHz,12332,1335.98
Intel Xeon E5-2643 v2 @ 3.50GHz,12324,1409.05
Intel Core i7-7740X @ 4.30GHz,12228,351.52
AMD Ryzen 5 PRO 1600,12213,
Intel Xeon E5-2670 @ 2.60GHz,12210,265.32
Intel Xeon E5-4650 @ 2.70GHz,12085,491.8
Intel Core i7-7700K @ 4.20GHz,12069,303.99
Intel Core i7-3930K @ 3.20GHz,12015,604.95
Intel Xeon E5-2628L v3 @ 2.00GHz,11965,
AMD EPYC 7251 8-Core,11833,519.42
Intel Xeon E5-4650L @ 2.60GHz,11821,8684.5
Intel Xeon E5-2665 @ 2.40GHz,11776,141.5
Intel Core i5-8400 @ 2.80GHz,11770,177.99
Intel Xeon E5-1650 @ 3.20GHz,11763,175
Intel Xeon E3-1285 v6 @ 4.10GHz,11689,450
Intel Xeon Silver 4110 @ 2.10GHz,11631,539.99
Intel Xeon E5-2620 v4 @ 2.10GHz,11339,451.02
Intel Xeon E5-2651 v2 @ 1.80GHz,11275,
Intel Xeon E3-1280 v6 @ 3.90GHz,11262,
Intel Xeon E3-1285L v4 @ 3.40GHz,11224,
Intel Core i7-4790K @ 4.00GHz,11189,386.99
Intel Core i7-6700K @ 4.00GHz,11110,475.01
Intel Xeon E5-2660 @ 2.20GHz,11100,109
Intel Xeon E5-4648 v3 @ 1.70GHz,11097,
Intel Xeon E3-1270 v6 @ 3.80GHz,11085,352.59
Intel Xeon D-1541 @ 2.10GHz,11046,
Intel Xeon E3-1275 v6 @ 3.80GHz,11035,376.98
Intel Xeon E5-2629 v3 @ 2.40GHz,11022,
Intel Core i7-5775C @ 3.30GHz,11013,440.44
Intel Xeon W-2123 @ 3.60GHz,10958,335.7
Intel Core i7-5950HQ @ 2.90GHz,10949,
AMD Ryzen 5 PRO 1500,10868,
Intel Xeon Silver 4109T @ 2.00GHz,10854,501
Intel Core i7-5775R @ 3.30GHz,10837,
AMD Ryzen 5 1500X,10807,158.99
Intel Core i7-7700 @ 3.60GHz,10782,303.69
Intel Xeon E3-1535M v6 @ 3.10GHz,10767,
AMD Opteron 6386 SE,10748,2407.51
Intel Xeon E3-1575M v5 @ 3.00GHz,10740,
Intel Xeon E3-1280 v5 @ 3.70GHz,10666,664.58
Intel Xeon E3-1585 v5 @ 3.50GHz,10657,
Intel Xeon D-1540 @ 2.00GHz,10573,
Intel Xeon E5-4640 @ 2.40GHz,10523,2730
Intel Xeon E3-1515M v5 @ 2.80GHz,10509,
Intel Core i5-8500T @ 2.10GHz,10499,194.87
Intel Xeon E5-2637 v4 @ 3.50GHz,10470,1136
Intel Xeon E3-1545M v5 @ 2.90GHz,10463,
Intel Xeon E5-2630 v2 @ 2.60GHz,10425,418.48
Intel Xeon E3-1240 v5 @ 3.50GHz,10422,341.67
Intel Xeon E3-1275 v5 @ 3.60GHz,10390,476
Intel Xeon E3-1245 v6 @ 3.70GHz,10360,299.53
Intel Xeon E5-2667 @ 2.90GHz,10327,178.99
Intel Xeon E3-1270 v5 @ 3.60GHz,10325,359.99
Intel Xeon E3-1281 v3 @ 3.70GHz,10295,877.75
Intel Xeon E5-1630 v4 @ 3.70GHz,10293,
Intel Xeon E3-1245 v5 @ 3.50GHz,10272,345.31
Intel Xeon E5-1630 v3 @ 3.70GHz,10257,597.85
Intel Xeon E3-1276 v3 @ 3.60GHz,10218,548.91
AMD FX-9590 Eight-Core,10194,119.99
Intel Core i7-7920HQ @ 3.10GHz,10190,
Intel Xeon E5-2450 @ 2.10GHz,10186,722.22
Intel Core i7-4980HQ @ 2.80GHz,10180,
Intel Xeon E3-1240 v6 @ 3.70GHz,10176,289.99
Intel Xeon E5-2650 @ 2.00GHz,10159,130.76
Intel Xeon E3-1260L v5 @ 2.90GHz,10136,418
Intel Xeon E3-1286L v3 @ 3.20GHz,10129,774
Intel Xeon E5-2637 v3 @ 3.50GHz,10128,1295.95
Intel Core i7-8809G @ 3.10GHz,10124,
Intel Xeon E3-1285 v3 @ 3.60GHz,10115,
Intel Core i7-4770K @ 3.50GHz,10105,464.91
Intel Xeon E3-1271 v3 @ 3.60GHz,10086,490.96
AMD Opteron 6380,10081,389.86
Intel Core i7-8705G @ 3.10GHz,10075,
Intel Xeon E5-2470 @ 2.30GHz,10061,316.72
Intel Core i7-7820HK @ 2.90GHz,10056,
Intel Xeon E3-1241 v3 @ 3.50GHz,10037,464.35
Intel Core i7-6700 @ 3.40GHz,10036,304.18
Intel Xeon E3-1285L v3 @ 3.10GHz,10024,809
Intel Xeon E5-2620 v3 @ 2.40GHz,10001,710.54
Intel Core i7-4790 @ 3.60GHz,9997,335.49
Intel Xeon E3-1505M v6 @ 3.00GHz,9981,
Intel Xeon E5-1620 v4 @ 3.50GHz,9972,327.07
Intel Xeon E3-1246 v3 @ 3.50GHz,9908,470.24
Intel Xeon E5-2640 v2 @ 2.00GHz,9904,480.68
Intel Core i7-4940MX @ 3.10GHz,9900,659.95
Intel Xeon E3-1286 v3 @ 3.70GHz,9899,839
Intel Core i7-4771 @ 3.50GHz,9880,831
Intel Xeon E3-1270 v3 @ 3.50GHz,9877,369.99
Intel Xeon E3-1275 v3 @ 3.50GHz,9864,400.99
Intel Xeon E3-1230 v6 @ 3.50GHz,9833,254.65
Intel Core i7-4770R @ 3.20GHz,9827,
Intel Xeon E5-2630L v2 @ 2.40GHz,9812,
Intel Core i7-4770 @ 3.40GHz,9793,373.5
Intel Core i7-995X @ 3.60GHz,9791,
AMD Opteron 6287 SE,9789,
Intel Core i7-4960HQ @ 2.60GHz,9785,623
Intel Xeon E3-1230 v5 @ 3.40GHz,9767,299.8
Intel Xeon E5-1620 v3 @ 3.50GHz,9765,345.38
Intel Xeon E3-1290 V2 @ 3.70GHz,9749,885
Intel Xeon D-1531 @ 2.20GHz,9730,348
Intel Core i7-4820K @ 3.70GHz,9729,409.99
Intel Xeon E3-1280 v3 @ 3.60GHz,9720,697.36
Intel Core i7-6770HQ @ 2.60GHz,9713,1001.88
Intel Xeon E3-1240 v3 @ 3.40GHz,9695,384.4
Intel Xeon E3-1231 v3 @ 3.40GHz,9641,326.63
Intel Core i7-6920HQ @ 2.90GHz,9600,
Intel Xeon E3-1245 v3 @ 3.40GHz,9580,585.81
Intel Core i7-4790S @ 3.20GHz,9565,377.77
Intel Xeon E3-1280 V2 @ 3.60GHz,9561,644.99
Intel Xeon E5-1620 v2 @ 3.70GHz,9537,329
Intel Core i7-3770K @ 3.50GHz,9530,338.94
Intel Core i7-4930MX @ 3.00GHz,9513,1096
AMD FX-9370 Eight-Core,9511,245.19
Intel Xeon E5-2637 v2 @ 3.50GHz,9504,1622.17
Intel Xeon E5-2640 @ 2.50GHz,9500,107.29
Intel Xeon E5-2658 @ 2.10GHz,9484,1462
Intel Xeon E3-1270 V2 @ 3.50GHz,9475,287.21
Intel Core i7-4910MQ @ 2.90GHz,9470,459.95
Intel Core i7-5850HQ @ 2.70GHz,9459,
Intel Core i7-7820HQ @ 2.90GHz,9455,
Intel Xeon E5-2440 v2 @ 1.90GHz,9425,400
AMD Ryzen 5 2400G,9417,161.8
AMD Opteron 6376,9414,610
Intel Xeon E5-2628L v2 @ 1.90GHz,9405,
Intel Core i5-7640X @ 4.00GHz,9375,221.29
Intel Core i7-4770S @ 3.10GHz,9342,680
Intel Xeon E3-1275 V2 @ 3.50GHz,9339,299.99
Intel Core i7-4870HQ @ 2.50GHz,9337,
Intel Xeon E3-1230 v3 @ 3.30GHz,9334,261.66
Intel Core i7-3940XM @ 3.00GHz,9312,539
Intel Core i7-3770 @ 3.40GHz,9303,323.85
Intel Xeon E3-1535M v5 @ 2.90GHz,9276,
Intel Xeon W3690 @ 3.47GHz,9251,2260.61
Intel Core i7-7700T @ 2.90GHz,9244,319
Intel Core i7-4860HQ @ 2.40GHz,9228,
Intel Xeon E5-2630L v3 @ 1.80GHz,9216,751.92
Intel Core i3-8350K @ 4.00GHz,9189,174.99
Intel Xeon E5-2440 @ 2.40GHz,9178,745
Intel Xeon E3-1268L v5 @ 2.40GHz,9175,377
Intel Xeon E3-1240 V2 @ 3.40GHz,9170,347.95
Intel Core i7-6820HK @ 2.70GHz,9162,
Intel Core i5-7600K @ 3.80GHz,9152,232.36
Intel Core i7-3920XM @ 2.90GHz,9151,1096
Intel Xeon W3680 @ 3.33GHz,9139,459.95
Intel Core i7-990X @ 3.47GHz,9119,509
AMD Opteron 6282 SE,9116,1089.99
Intel Xeon E3-1245 V2 @ 3.40GHz,9111,607.59
Intel Core i7-8650U @ 1.90GHz,9092,
Intel Xeon E5-1620 @ 3.60GHz,9074,510
Intel Core i7-4900MQ @ 2.80GHz,9060,609.29
Intel Core i7-4790T @ 2.70GHz,9057,359
Intel Core i7-6700T @ 2.80GHz,9037,494.76
Intel Core i7-4850HQ @ 2.30GHz,9029,434
AMD FX-8370 Eight-Core,9016,163.78
AMD Opteron 6276,9011,308.89
Intel Core i7-3820 @ 3.60GHz,9002,354.9
Intel Xeon X5690 @ 3.47GHz,8977,169.64
Intel Core i7-6820EQ @ 2.80GHz,8968,
Intel Xeon E5-2448L v2 @ 1.80GHz,8954,1424
AMD FX-8350 Eight-Core,8949,108.89
Intel Core i7-4770HQ @ 2.20GHz,8946,
Intel Xeon E5-2623 v3 @ 3.00GHz,8937,404.99
Intel Core i7-6700TE @ 2.40GHz,8914,
Intel Xeon E3-1505M v5 @ 2.80GHz,8891,
Intel Core i7-3770S @ 3.10GHz,8880,213.9
Intel Core i7-7700HQ @ 2.80GHz,8865,
Intel Core i5-7600 @ 3.50GHz,8861,218.95
Intel Xeon E5-4617 @ 2.90GHz,8855,89.9
Intel Xeon E3-1275L v3 @ 2.70GHz,8855,
Intel Xeon E5-2630 @ 2.30GHz,8854,160.02
Intel Xeon E3-1230 V2 @ 3.30GHz,8852,309.5
Intel Xeon X5679 @ 3.20GHz,8845,
Intel Core i7-980X @ 3.33GHz,8827,799.99
Intel Core i7-3840QM @ 2.80GHz,8804,335
Intel Core i7-6820HQ @ 2.70GHz,8783,
Intel Core i7-2700K @ 3.50GHz,8732,309
Intel Core i7-980 @ 3.33GHz,8716,699.99
Intel Xeon E3-1265L v3 @ 2.50GHz,8713,709.95
Intel Xeon E3-1290 @ 3.60GHz,8699,885
Intel Xeon E5-2620 v2 @ 2.10GHz,8686,454.6
Intel Xeon E5-2650L @ 1.80GHz,8676,79
Intel Core i7-4770T @ 2.50GHz,8660,308.99
Intel Core i7-4810MQ @ 2.80GHz,8649,424.95
Intel Xeon E5-2420 v2 @ 2.20GHz,8647,559.95
Intel Core i5-8350U @ 1.70GHz,8629,297
Intel Xeon Silver 4112 @ 2.60GHz,8613,529.21
Intel Xeon E5-2430 v2 @ 2.50GHz,8608,542.12
Intel Xeon X5680 @ 3.33GHz,8605,145.69
Intel Core i7-4760HQ @ 2.10GHz,8595,
Intel Xeon E5-2643 @ 3.30GHz,8499,541.09
Intel Core i7-4800MQ @ 2.70GHz,8495,509.95
Intel Xeon X5675 @ 3.07GHz,8484,239
Intel Xeon E3-1280 @ 3.50GHz,8473,596.99
Intel Core i7-3820QM @ 2.70GHz,8462,486.99
Intel Core i7-2600K @ 3.40GHz,8456,436
AMD Ryzen 5 1400,8428,139.98
Intel Core i7-970 @ 3.20GHz,8415,550
Intel Core i7-5700HQ @ 2.70GHz,8387,
Intel Xeon E3-1275 @ 3.40GHz,8348,304
Intel Core i7-3740QM @ 2.70GHz,8340,239.95
Intel Xeon E3-1225 v6 @ 3.30GHz,8337,244.99
Intel Core i7-8550U @ 1.80GHz,8293,
Intel Core i7-4750HQ @ 2.00GHz,8278,
AMD Ryzen 3 PRO 1300,8270,
Intel Core i7-5700EQ @ 2.60GHz,8239,
Intel Xeon E3-1270 @ 3.40GHz,8233,369
Intel Core i7-2600 @ 3.40GHz,8205,189.99
Intel Core i7-3770T @ 2.50GHz,8190,329.99
Intel Core i5-5675C @ 3.10GHz,8182,512.08
Intel Core i7-5675C @ 3.10GHz,8164,
Intel Core i5-7600T @ 2.80GHz,8163,228.99
Intel Xeon W3670 @ 3.20GHz,8158,295
Intel Core i7-6700HQ @ 2.60GHz,8143,1509
Intel Xeon E5-4620 @ 2.20GHz,8127,3519.97
Intel Core i7-3720QM @ 2.60GHz,8121,334.72
Intel Xeon E5-2623 v4 @ 2.60GHz,8090,549
Intel Core i5-7500 @ 3.40GHz,8084,194.99
Intel Core i3-8100 @ 3.60GHz,8079,119.99
Intel Core i5-5675R @ 3.10GHz,8061,
Intel Xeon D-1559 @ 1.50GHz,8055,
Intel Core i7-4722HQ @ 2.40GHz,8052,
Intel Xeon E3-1245 @ 3.30GHz,8048,255
Intel Core i5-6600K @ 3.50GHz,8044,254
AMD FX-8320 Eight-Core,8022,94.99
Intel Core i7-4720HQ @ 2.60GHz,8013,
Intel Xeon E3-1220 v6 @ 3.00GHz,8010,214.99
Intel Xeon E5-2630L @ 2.00GHz,8001,
Intel Core i5-7440HQ @ 2.80GHz,7987,
Intel Core i7-4710MQ @ 2.50GHz,7984,271.57
Intel Xeon E3-1240 @ 3.30GHz,7968,196.19
Intel Xeon X5670 @ 2.93GHz,7964,73.49
Intel Xeon D-1528 @ 1.90GHz,7946,
Intel Xeon E5-2620 @ 2.00GHz,7935,49.95
Intel Core i7-4860EQ @ 1.80GHz,7925,
Intel Xeon E3-1230 @ 3.20GHz,7908,215
Intel Xeon E3-1268L v3 @ 2.30GHz,7850,
Intel Xeon E3-1225 v5 @ 3.30GHz,7819,259.99
AMD Opteron 6328,7813,500
AMD FX-8370E Eight-Core,7805,242.4
Intel Xeon E3-1240L v5 @ 2.10GHz,7793,278
Intel Core i5-4690K @ 3.50GHz,7789,323.39
AMD Ryzen 5 2500U,7780,
Intel Xeon E5-2608L v3 @ 2.00GHz,7768,441
Intel Core i5-6600 @ 3.30GHz,7761,225.65
Intel Xeon E3-1265L V2 @ 2.50GHz,7761,142.42
AMD FX-8310 Eight-Core,7750,
Intel Core i7-4710HQ @ 2.50GHz,7749,
Intel Core i7-4700HQ @ 2.40GHz,7741,383
AMD FX-8300 Eight-Core,7715,106.99
Intel Core i7-4700MQ @ 2.40GHz,7695,189
Intel Xeon E3-1220 v5 @ 3.00GHz,7694,240.52
Intel Xeon E3-1235 @ 3.20GHz,7680,244
Intel Xeon X5660 @ 2.80GHz,7641,70.82
Intel Core i5-4690 @ 3.50GHz,7635,309.95
Intel Core i5-4670K @ 3.40GHz,7629,240
Intel Core i7-4785T @ 2.20GHz,7623,
AMD FX-8150 Eight-Core,7621,214.99
Intel Core i5-8250U @ 1.60GHz,7605,
Intel Core i7-3630QM @ 2.40GHz,7592,235.9
Intel Xeon E3-1226 v3 @ 3.30GHz,7547,294.48
AMD Ryzen 3 1300X,7540,114.99
AMD FX-8320E Eight-Core,7533,116.99
Intel Core i7-4712HQ @ 2.30GHz,7517,
Intel Xeon E3-1240L v3 @ 2.00GHz,7510,
AMD Opteron 6366 HE,7503,1010
Intel Core i7-4702HQ @ 2.20GHz,7493,
Intel Core i7-3610QM @ 2.30GHz,7472,399.99
Intel Xeon X5650 @ 2.67GHz,7438,72.19
Intel Core i5-5575R @ 2.80GHz,7434,
Intel Core i5-4690S @ 3.20GHz,7427,569
Intel Xeon E5-1410 v2 @ 2.80GHz,7420,
Intel Core i5-4670 @ 3.40GHz,7418,276.96
Intel Core i5-4670K CPT @ 3.40GHz,7411,
Intel Core i5-7400 @ 3.00GHz,7396,159
Intel Xeon E5-2450L @ 1.80GHz,7389,64.99
Intel Core i5-6402P @ 2.80GHz,7363,189.99
Intel Core i7-3615QM @ 2.30GHz,7363,
AMD Ryzen 7 2700U,7361,
Intel Core i7-3615QE @ 2.30GHz,7340,
AMD Opteron 6238,7316,1088.11
Intel Xeon E5-1410 @ 2.80GHz,7312,
Intel Core i7-4765T @ 2.00GHz,7304,269.99
Intel Core i5-6600T @ 2.70GHz,7302,199.99
Intel Core i5-4590 @ 3.30GHz,7275,258.95
Intel Xeon E5-2430L @ 2.00GHz,7269,103.99
Intel Core i5-6500 @ 3.20GHz,7231,189.98
Intel Xeon E3-1230L v3 @ 1.80GHz,7231,287.9
Intel Xeon E5-1607 v4 @ 3.10GHz,7229,
Intel Xeon E3-1225 v3 @ 3.20GHz,7187,458.34
Intel Core i7-4700EQ @ 2.40GHz,7180,
Intel Core i5-3570K @ 3.40GHz,7166,294.99
Intel Core i7-2960XM @ 2.70GHz,7148,409.95
Intel Core i7-4712MQ @ 2.30GHz,7148,
Intel Xeon E5-2420 @ 1.90GHz,7139,390
Intel Core i7-4702MQ @ 2.20GHz,7138,
AMD Ryzen 3 2200G,7137,104.99
AMD Ryzen 3 PRO 1200,7132,
Intel Core i5-7500T @ 2.70GHz,7132,206.68
Intel Xeon X5687 @ 3.60GHz,7123,93.95
Intel Core i7-2920XM @ 2.50GHz,7108,608.95
Intel Core i5-4570 @ 3.20GHz,7098,227.65
Intel Core i5-3570 @ 3.40GHz,7084,238.88
Intel Xeon E3-1505L v5 @ 2.00GHz,7082,
Intel Core i7-2600S @ 2.80GHz,7077,346.69
Intel Core i7-4770TE @ 2.30GHz,7065,
Intel Xeon E3-1220 v3 @ 3.10GHz,7039,236.66
Intel Xeon L5639 @ 2.13GHz,7021,
Intel Core i7-2860QM @ 2.50GHz,7005,599.99
Intel Core i5-4590S @ 3.00GHz,6988,369.98
AMD FX-6350 Six-Core,6985,128.34
Intel Xeon D-1521 @ 2.40GHz,6980,
Intel Xeon E5-1607 v3 @ 3.10GHz,6950,
Intel Xeon X5677 @ 3.47GHz,6947,350
Intel Xeon E5649 @ 2.53GHz,6936,235.49
AMD FX-6330 Six-Core,6935,
Intel Core i7-3632QM @ 2.20GHz,6932,335
Intel Xeon E5-2609 v4 @ 1.70GHz,6920,434
Intel Core i5-3550 @ 3.30GHz,6918,253.4
Intel Xeon E5-2430 @ 2.20GHz,6878,533.22
Intel Core i5-7300HQ @ 2.50GHz,6851,
AMD Ryzen 3 1200,6848,92.99
Intel Core i5-3550S @ 3.00GHz,6845,230.51
Intel Xeon E3-1225 V2 @ 3.20GHz,6838,506.59
Intel Core i7-3612QM @ 2.10GHz,6827,
Intel Core i5-6440HQ @ 2.60GHz,6785,
Intel Core i7-2840QM @ 2.40GHz,6766,
Intel Core i5-4570S @ 2.90GHz,6762,279.3
Intel Core i5-6400 @ 2.70GHz,6761,180.53
AMD Opteron 6272,6748,325
Intel Core i5-2550K @ 3.40GHz,6702,189
Intel Core i5-4570R @ 2.70GHz,6700,
Intel Core i5-4460 @ 3.20GHz,6700,188.99
Intel Core i5-3570S @ 3.10GHz,6681,285
Intel Xeon E3-1220 V2 @ 3.10GHz,6674,218.8
Intel Core i5-3470 @ 3.20GHz,6672,124.63
AMD Opteron 4284,6660,357.3
Intel Core i7-3635QM @ 2.40GHz,6651,
Intel Core i7-985 @ 3.47GHz,6641,
Intel Core i7-2820QM @ 2.30GHz,6637,359.95
Intel Core i3-7350K @ 4.20GHz,6631,171.45
Intel Xeon E5-2430L v2 @ 2.40GHz,6627,
AMD FX-8120 Eight-Core,6594,179.99
Intel Core i5-6500TE @ 2.30GHz,6585,
Intel Core i7-2760QM @ 2.40GHz,6576,139.95
Intel Core i3-7320 @ 4.10GHz,6557,173.19
Intel Core i7-7567U @ 3.50GHz,6537,
Intel Xeon E3-1260L @ 2.40GHz,6534,364.22
Intel Core i5-3475S @ 2.90GHz,6527,85.9
Intel Xeon E5645 @ 2.40GHz,6526,69.12
Intel Core i5-3450 @ 3.10GHz,6509,199
Intel Core i5-4440 @ 3.10GHz,6482,789.74
Intel Core i5-2500K @ 3.30GHz,6472,489.95
Intel Core i7-3610QE @ 2.30GHz,6451,
Intel Core i5-7400T @ 2.40GHz,6448,159
Intel Xeon L5640 @ 2.27GHz,6444,145.89
Intel Core i3-7300 @ 4.00GHz,6442,158.1
Intel Xeon X5672 @ 3.20GHz,6438,115.12
Intel Core i5-4670S @ 3.10GHz,6436,
Intel Xeon W3580 @ 3.33GHz,6433,214.5
AMD Opteron 4280,6430,456.44
Intel Core i5-4690T @ 2.50GHz,6429,
Intel Core i7-3612QE @ 2.10GHz,6428,
Intel Core i7-6822EQ @ 2.00GHz,6427,
Intel Xeon E5-1603 v4 @ 2.80GHz,6420,
Intel Core i5-4460S @ 2.90GHz,6395,659.99
AMD Opteron 3380,6384,809
AMD FX-6300 Six-Core,6381,77.5
Intel Core i5-3470S @ 2.90GHz,6325,154.96
Intel Core i5-2500 @ 3.30GHz,6319,132
Intel Core i5-4430 @ 3.00GHz,6299,239.95
Intel Core i5-4670T @ 2.30GHz,6234,209.99
Intel Core i5-6500T @ 2.50GHz,6229,
AMD FX-6130 Six-Core,6215,
AMD PRO A12-9800,6199,169
Intel Core i5-4440S @ 2.80GHz,6184,309.99
Intel Core i5-3450S @ 2.80GHz,6184,169.99
Intel Xeon W5590 @ 3.33GHz,6183,269.99
AMD PRO A12-8870,6177,
AMD Opteron 6174,6171,209.98
Intel Xeon E5-1607 v2 @ 3.00GHz,6166,313
Intel Xeon E5-1603 v3 @ 2.80GHz,6143,
Intel Core i7-7660U @ 2.50GHz,6143,
Intel Core i5-3350P @ 3.10GHz,6138,225.99
Intel Core i7-975 @ 3.33GHz,6135,656.01
AMD Opteron 4334,6133,216.42
Intel Core i5-2450P @ 3.20GHz,6132,195
Intel Xeon E3-1235L v5 @ 2.00GHz,6122,
AMD FX-6200 Six-Core,6115,136.48
Intel Xeon W3570 @ 3.20GHz,6109,479.95
Intel Core i7-2720QM @ 2.20GHz,6108,169.97
Intel Core i5-3340 @ 3.10GHz,6076,205.99
Intel Core i5-6300HQ @ 2.30GHz,6075,
Intel Xeon E3-1220 @ 3.10GHz,6067,509.95
Intel Core i3-6320 @ 3.90GHz,6046,165.76
Intel Xeon E3-1265L @ 2.40GHz,6038,918.35
AMD FX-8100 Eight-Core,6018,142
Intel Xeon X5647 @ 2.93GHz,5980,199.75
AMD Opteron 6234,5979,399.99
Intel Core i5-7360U @ 2.30GHz,5960,
Intel Xeon W3565 @ 3.20GHz,5946,69.95
Intel Core i5-2400 @ 3.10GHz,5940,88
Intel Xeon E5-2609 v3 @ 1.90GHz,5940,367.28
AMD Opteron 3365,5929,
Intel Core i5-3330 @ 3.00GHz,5919,359.95
Intel Xeon E3-1225 @ 3.10GHz,5918,247.02
Intel Core i7-7560U @ 2.40GHz,5910,
Intel Core i5-4430S @ 2.70GHz,5910,147.99
Intel Core i7-2670QM @ 2.20GHz,5907,134.79
Intel Core i5-3570T @ 2.30GHz,5877,
Intel Core i7-965 @ 3.20GHz,5867,359
Intel Core i3-6300 @ 3.80GHz,5856,152.98
AMD FX-8140 Eight-Core,5854,
AMD PRO A10-8850B,5852,
Intel Xeon E5-1607 @ 3.00GHz,5846,27.5
Intel Core i7-960 @ 3.20GHz,5841,295
Intel Xeon W5580 @ 3.20GHz,5836,88.88
Intel Core i5-3340S @ 2.80GHz,5810,320
Intel Core i3-7100 @ 3.90GHz,5806,114.98
Intel Atom C3955 @ 2.10GHz,5803,434
Intel Core i5-3335S @ 2.70GHz,5788,
Intel Core i5-6440EQ @ 2.70GHz,5778,
AMD Opteron 6212,5776,209.5
Intel Core i7-2710QE @ 2.10GHz,5768,
AMD Phenom II X6 1100T,5757,233.99
Intel Core i5-2320 @ 3.00GHz,5755,159.86
Intel Xeon D-1520 @ 2.20GHz,5755,
AMD A10-7890K,5749,183.2
AMD FX-6120 Six-Core,5747,
AMD PRO A10-8770,5742,
Intel Core i5-7260U @ 2.20GHz,5710,
Intel Xeon W3550 @ 3.07GHz,5709,235
Intel Core i7-880 @ 3.07GHz,5679,583
Intel Core i5-2380P @ 3.10GHz,5679,180
Intel Xeon X5570 @ 2.93GHz,5679,47.24
Intel Core i5-3330S @ 2.70GHz,5661,224.59
Intel Xeon X3480 @ 3.07GHz,5657,
AMD PRO A10-8750B,5646,
AMD PRO A10-9700,5640,169
Intel Core i7-6567U @ 3.30GHz,5630,
AMD Opteron 4332 HE,5614,
AMD A10-8850,5613,
Intel Core i5-6400T @ 2.20GHz,5604,169
AMD Athlon X4 880K,5600,153.89
Intel Core i5-4590T @ 2.00GHz,5598,
Intel Core i3-4370 @ 3.80GHz,5598,461
AMD Phenom II X6 1090T,5598,396.08
Intel Core i7-950 @ 3.07GHz,5573,300
Intel Core i7-7600U @ 2.80GHz,5562,
AMD A12-9800,5558,198.25
Intel Xeon L5638 @ 2.00GHz,5556,69.9
Intel Core i7-2675QM @ 2.20GHz,5544,
Intel Core i7-2630QM @ 2.00GHz,5542,129
Intel Core i3-6098P @ 3.60GHz,5537,133.74
Intel Xeon E5-1603 @ 2.80GHz,5528,164.99
Intel Core i5-2310 @ 2.90GHz,5524,65
Intel Core i3-6100 @ 3.70GHz,5494,114.64
AMD A10-7870K,5486,117.44
AMD A10-7850K APU,5483,398.98
Intel Xeon W3540 @ 2.93GHz,5474,359.95
Intel Xeon E5-2603 v4 @ 1.70GHz,5473,229.99
AMD A8-8650,5470,
Intel Core i3-4360 @ 3.70GHz,5468,135.99
AMD A10 PRO-7850B APU,5465,
Intel Core i7-2635QM @ 2.00GHz,5460,
AMD PRO A8-8650B,5457,
AMD Athlon X4 860K,5450,72.97
Intel Core i7-875K @ 2.93GHz,5449,486.01
AMD Athlon X4 845,5448,83.88
AMD Ryzen 3 2200U,5439,
Intel Pentium G4600 @ 3.60GHz,5423,78.53
AMD A10 PRO-7800B APU,5409,
Intel Xeon X5550 @ 2.67GHz,5404,22.3
AMD A10-9700,5403,88.1
Intel Xeon X5560 @ 2.80GHz,5399,56.9
Intel Core i7-940 @ 2.93GHz,5377,299
AMD FX-6100 Six-Core,5375,246
Intel Core i7-870 @ 2.93GHz,5366,309.95
Intel Core i3-7300T @ 3.50GHz,5366,
Intel Core i7-2715QE @ 2.10GHz,5365,
Intel Xeon W3530 @ 2.80GHz,5363,59.95
AMD Phenom II X6 1075T,5356,259.99
AMD Athlon X4 950,5351,61.56
AMD Opteron 6164 HE,5351,
Intel Core i5-2300 @ 2.80GHz,5350,99.99
AMD FX-4350 Quad-Core,5340,122.88
AMD Athlon X4 870K,5326,74.01
Intel Xeon D-1518 @ 2.20GHz,5322,
AMD PRO A8-9600,5321,119
Intel Xeon E5640 @ 2.67GHz,5309,179.95
Intel Core i5-2500S @ 2.70GHz,5298,135.7
Intel Core i3-8130U @ 2.20GHz,5286,281
AMD Opteron 3280,5286,273.18
Intel Pentium G4620 @ 3.70GHz,5266,100.34
Intel Core i3-6300T @ 3.30GHz,5253,166.96
Intel Core i3-4340 @ 3.60GHz,5240,218.01
AMD FX-4330,5222,
Intel Core i7-7500U @ 2.70GHz,5210,
Intel Xeon E5-2418L @ 2.00GHz,5202,
Intel Xeon X3470 @ 2.93GHz,5187,509.95
Intel Core i3-4170 @ 3.70GHz,5184,140
Intel Xeon E5-2603 v3 @ 1.60GHz,5156,219.95
Intel Core i7-930 @ 2.80GHz,5154,508.95
AMD FX-870K Quad Core,5143,
AMD A10-7700K APU,5134,100
Intel Core i5-7300U @ 2.60GHz,5134,
Intel Xeon X3460 @ 2.80GHz,5117,75.5
Intel Xeon E5-2609 v2 @ 2.50GHz,5115,484.01
AMD A8-7600 APU,5111,167
Intel Xeon E5630 @ 2.53GHz,5109,102.21
AMD A10-8750,5103,
AMD A10-7860K,5096,319
Intel Core i3-4330 @ 3.50GHz,5089,399.95
AMD Phenom II X6 1065T,5079,
AMD A8-7670K,5073,161.5
AMD Embedded R-Series RX-418GD Radeon R6,5068,
AMD A12-9800E,5060,117.55
Intel Core i5-7267U @ 3.10GHz,5060,
Intel Core i3-7100T @ 3.40GHz,5059,
Intel Xeon W3520 @ 2.67GHz,5058,409.95
