Processor,CPU.Mark.Single,Price
Intel Core i7-8700K @ 3.70GHz,2711,347.89
Intel Core i7-8700 @ 3.20GHz,2624,301.99
Intel Core i7-7740X @ 4.30GHz,2621,351.52
Intel Core i7-7700K @ 4.20GHz,2584,303.99
Intel Xeon W-2125 @ 4.00GHz,2559,444
Intel Xeon W-2155 @ 3.30GHz,2558,1440
Intel Xeon W-2135 @ 3.70GHz,2556,989.48
Intel Xeon W-2150B @ 3.00GHz,2531,
Intel Core i7-4790K @ 4.00GHz,2531,386.99
Intel Core i5-8600K @ 3.60GHz,2514,238.99
Intel Xeon W-2145 @ 3.70GHz,2513,1113
Intel Core i9-7900X @ 3.30GHz,2481,921.99
Intel Core i5-7640X @ 4.00GHz,2453,221.29
Intel Core i3-7350K @ 4.20GHz,2442,171.45
Intel Xeon E3-1280 v6 @ 3.90GHz,2440,
Intel Core i5-8500 @ 3.00GHz,2437,204.99
Intel Core i9-7920X @ 2.90GHz,2437,1101.01
Intel Core i7-7820X @ 3.60GHz,2430,469.99
Intel Core i7-8700T @ 2.40GHz,2427,421.21
Intel Core i7-7900X @ 3.30GHz,2409,
Intel Core i9-7940X @ 3.10GHz,2403,1369.79
Intel Xeon E3-1285 v6 @ 4.10GHz,2401,450
Intel Xeon Gold 6144 @ 3.50GHz,2398,2925
Intel Core i5-7600K @ 3.80GHz,2385,232.36
Intel Xeon E3-1286L v3 @ 3.20GHz,2376,774
Intel Core i3-7320 @ 4.10GHz,2373,173.19
Intel Core i9-7960X @ 2.80GHz,2365,1564.14
Intel Xeon E3-1275 v6 @ 3.80GHz,2363,376.98
Intel Core i7-6700K @ 4.00GHz,2351,475.01
Intel Core i7-7700 @ 3.60GHz,2350,303.69
Intel Xeon E3-1281 v3 @ 3.70GHz,2350,877.75
Intel Core i9-7980XE @ 2.60GHz,2340,1891.27
Intel Xeon W-2195 @ 2.30GHz,2337,2553
Intel Core i3-8350K @ 4.00GHz,2332,174.99
Intel Core i5-8400 @ 2.80GHz,2325,177.99
Intel Core i3-7300 @ 4.00GHz,2321,158.1
Intel Core i5-7600 @ 3.50GHz,2310,218.95
Intel Xeon E3-1535M v6 @ 3.10GHz,2303,
Intel Xeon E3-1276 v3 @ 3.60GHz,2286,548.91
Intel Core i7-4790 @ 3.60GHz,2285,335.49
Intel Core i7-8705G @ 3.10GHz,2283,
Intel Xeon E3-1285L v3 @ 3.10GHz,2279,809
Intel Core i7-8650U @ 1.90GHz,2276,
Intel Xeon E3-1270 v6 @ 3.80GHz,2274,352.59
Intel Xeon E3-1271 v3 @ 3.60GHz,2271,490.96
Intel Xeon E3-1285 v3 @ 3.60GHz,2270,
Intel Xeon E3-1285L v4 @ 3.40GHz,2270,
Intel Core i7-7567U @ 3.50GHz,2267,
Intel Xeon E-2186M @ 2.90GHz,2267,623
Intel Core i7-4940MX @ 3.10GHz,2261,659.95
Intel Xeon E3-1241 v3 @ 3.50GHz,2257,464.35
Intel Xeon E3-1280 v5 @ 3.70GHz,2257,664.58
Intel Core i7-5950HQ @ 2.90GHz,2255,
Intel Core i7-4770K @ 3.50GHz,2254,464.91
Intel Xeon E3-1286 v3 @ 3.70GHz,2248,839
Intel Core i7-4980HQ @ 2.80GHz,2247,
Intel Xeon E3-1246 v3 @ 3.50GHz,2247,470.24
Intel Core i7-4790S @ 3.20GHz,2244,377.77
Intel Core i7-7800X @ 3.50GHz,2243,379.99
Intel Core i7-5775C @ 3.30GHz,2237,440.44
Intel Core i5-4690K @ 3.50GHz,2237,323.39
Intel Core i3-6320 @ 3.90GHz,2236,165.76
Intel Xeon E3-1280 v3 @ 3.60GHz,2235,697.36
Intel Xeon W-2140B @ 3.20GHz,2233,
Intel Core i3-7100 @ 3.90GHz,2229,114.98
Intel Xeon E3-1270 v3 @ 3.50GHz,2229,369.99
Intel Core i7-4770 @ 3.40GHz,2228,373.5
Intel Core i7-7660U @ 2.50GHz,2223,
Intel Xeon E3-1230 v6 @ 3.50GHz,2221,254.65
Intel Core i3-4370 @ 3.80GHz,2220,461
Intel Core i7-4771 @ 3.50GHz,2218,831
Intel Xeon W-2133 @ 3.60GHz,2216,617
Intel Core i5-4690 @ 3.50GHz,2214,309.95
Intel Core i5-4690S @ 3.20GHz,2213,569
Intel Xeon E3-1240 v5 @ 3.50GHz,2212,341.67
Intel Xeon E3-1245 v6 @ 3.70GHz,2208,299.53
Intel Xeon E5-1680 v4 @ 3.40GHz,2206,
Intel Xeon E3-1275 v3 @ 3.50GHz,2199,400.99
Intel Core i7-5675C @ 3.10GHz,2197,
Intel Core i5-4670K @ 3.40GHz,2192,240
Intel Xeon E3-1275L v3 @ 2.70GHz,2190,
Intel Xeon W-2123 @ 3.60GHz,2186,335.7
Intel Core i7-6900K @ 3.20GHz,2186,1077.04
Intel Xeon E3-1240 v3 @ 3.40GHz,2184,384.4
Intel Core i7-6850K @ 3.60GHz,2182,449
Intel Xeon E5-1650 v4 @ 3.60GHz,2177,629.99
Intel Core i7-4790T @ 2.70GHz,2177,359
Intel Xeon E3-1231 v3 @ 3.40GHz,2171,326.63
Intel Core i7-4770S @ 3.10GHz,2171,680
Intel Xeon E3-1275 v5 @ 3.60GHz,2171,476
Intel Xeon E5-1630 v3 @ 3.70GHz,2170,597.85
Intel Xeon E3-1245 v3 @ 3.40GHz,2169,585.81
Intel Core i7-4960HQ @ 2.60GHz,2169,623
Intel Xeon E3-1270 v5 @ 3.60GHz,2169,359.99
Intel Core i3-6300 @ 3.80GHz,2168,152.98
Intel Xeon E3-1260L v5 @ 2.90GHz,2168,418
Intel Xeon E3-1225 v6 @ 3.30GHz,2167,244.99
Intel Core i7-4930MX @ 3.00GHz,2166,1096
Intel Core i7-4910MQ @ 2.90GHz,2163,459.95
Intel Core i7-6700 @ 3.40GHz,2159,304.18
Intel Xeon E3-1290 V2 @ 3.70GHz,2159,885
Intel Core i5-4670 @ 3.40GHz,2154,276.96
Intel Xeon E3-1505M v6 @ 3.00GHz,2152,
Intel Core i7-5775R @ 3.30GHz,2152,
Intel Core i5-5675C @ 3.10GHz,2151,512.08
Intel Core i7-6950X @ 3.00GHz,2150,1575.55
Intel Core i7-4770R @ 3.20GHz,2150,
Intel Core i7-7920HQ @ 3.10GHz,2150,
Intel Core i5-6600K @ 3.50GHz,2149,254
Intel Xeon E5-1630 v4 @ 3.70GHz,2149,
Intel Core i3-4360 @ 3.70GHz,2149,135.99
Intel Core i5-7440HQ @ 2.80GHz,2148,
Intel Pentium G3258 @ 3.20GHz,2140,243.3
Intel Xeon E3-1245 v5 @ 3.50GHz,2138,345.31
Intel Core i7-8809G @ 3.10GHz,2137,
Intel Xeon E5-1650 v3 @ 3.50GHz,2136,667.79
Intel Xeon E5-2637 v3 @ 3.50GHz,2135,1295.95
Intel Xeon E3-1575M v5 @ 3.00GHz,2134,
Intel Core i3-4170 @ 3.70GHz,2133,140
Intel Core i5-8350U @ 1.70GHz,2132,297
Intel Pentium G3470 @ 3.60GHz,2131,104.29
Intel Pentium G4620 @ 3.70GHz,2131,100.34
Intel Xeon Gold 6154 @ 3.00GHz,2128,3543
Intel Xeon Gold 6128 @ 3.40GHz,2125,1697
Intel Xeon Gold 6134 @ 3.20GHz,2125,2348.26
Intel Core i7-7600U @ 2.80GHz,2123,
Intel Xeon E5-1680 v2 @ 3.00GHz,2123,
Intel Core i5-7500 @ 3.40GHz,2122,194.99
Intel Core i3-6098P @ 3.60GHz,2122,133.74
Intel Core i7-8550U @ 1.80GHz,2121,
Intel Core i5-7600T @ 2.80GHz,2120,228.99
Intel Core i5-4590 @ 3.30GHz,2114,258.95
Intel Xeon E3-1280 V2 @ 3.60GHz,2111,644.99
Intel Xeon E5-1680 v3 @ 3.20GHz,2110,
Intel Core i3-6100 @ 3.70GHz,2109,114.64
Intel Core i7-7560U @ 2.40GHz,2108,
Intel Core i5-8500T @ 2.10GHz,2108,194.87
Intel Xeon E3-1585 v5 @ 3.50GHz,2106,
Intel Xeon E3-1226 v3 @ 3.30GHz,2103,294.48
Intel Core i3-8100 @ 3.60GHz,2101,119.99
Intel Core i5-4670K CPT @ 3.40GHz,2099,
Intel Xeon E3-1240 v6 @ 3.70GHz,2099,289.99
Intel Xeon E5-1620 v4 @ 3.50GHz,2099,327.07
Intel Core i7-5930K @ 3.50GHz,2098,613.07
Intel Core i5-6600 @ 3.30GHz,2097,225.65
Intel Xeon E3-1230 v3 @ 3.30GHz,2096,261.66
Intel Core i7-7820HK @ 2.90GHz,2095,
Intel Core i3-4350 @ 3.60GHz,2095,129.99
Intel Core i5-4590S @ 3.00GHz,2094,369.98
Intel Pentium G4600 @ 3.60GHz,2091,78.53
Intel Xeon E5-2689 v4 @ 3.10GHz,2091,
Intel Xeon E5-1660 v2 @ 3.70GHz,2091,1808.95
Intel Xeon Gold 6138 @ 2.00GHz,2090,2689.99
Intel Core i3-4340 @ 3.60GHz,2087,218.01
Intel Xeon E3-1230 v5 @ 3.40GHz,2084,299.8
Intel Core i7-4900MQ @ 2.80GHz,2084,609.29
Intel Core i7-3770K @ 3.50GHz,2083,338.94
Intel Core i7-4960X @ 3.60GHz,2080,1741.73
Intel Core i7-7820HQ @ 2.90GHz,2079,
Intel Pentium G4520 @ 3.60GHz,2078,84.04
Intel Core i7-5850HQ @ 2.70GHz,2077,
Intel Core i3-4160 @ 3.60GHz,2076,136.41
Intel Xeon E3-1265L v3 @ 2.50GHz,2076,709.95
Intel Core i7-4770T @ 2.50GHz,2075,308.99
Intel Xeon E3-1270 V2 @ 3.50GHz,2075,287.21
Intel Core i7-3770 @ 3.40GHz,2069,323.85
Intel Xeon E5-1660 v4 @ 3.20GHz,2065,
Intel Core i5-5675R @ 3.10GHz,2064,
Intel Xeon E3-1275 V2 @ 3.50GHz,2063,299.99
Intel Core i7-7700T @ 2.90GHz,2062,319
Intel Core i7-6800K @ 3.40GHz,2062,409.99
Intel Xeon E3-1545M v5 @ 2.90GHz,2061,
Intel Xeon E5-2643 v4 @ 3.40GHz,2060,1719.05
Intel Core i7-4810MQ @ 2.80GHz,2059,424.95
Intel Xeon E5-2697A v4 @ 2.60GHz,2056,
Intel Core i5-4570 @ 3.20GHz,2054,227.65
AMD Ryzen Threadripper 1900X,2052,449.5
Intel Xeon E3-1515M v5 @ 2.80GHz,2049,
Intel Xeon E5-2667 v3 @ 3.20GHz,2045,2259.95
Intel Core i7-4870HQ @ 2.50GHz,2041,
Intel Xeon E3-1240 V2 @ 3.40GHz,2036,347.95
Intel Xeon E5-2687W v2 @ 3.40GHz,2033,3713.55
Intel Xeon E5-1620 v3 @ 3.50GHz,2033,345.38
Intel Core i3-4330 @ 3.50GHz,2032,399.95
Intel Core i5-7360U @ 2.30GHz,2029,
Intel Core i5-3570K @ 3.40GHz,2028,294.99
Intel Xeon E3-1225 v3 @ 3.20GHz,2023,458.34
Intel Pentium G3460 @ 3.50GHz,2023,288.2
Intel Core i7-3770S @ 3.10GHz,2023,213.9
Intel Core i7-3940XM @ 3.00GHz,2021,539
Intel Core i7-6920HQ @ 2.90GHz,2021,
Intel Core i7-5820K @ 3.30GHz,2020,452.5
Intel Xeon E5-2637 v4 @ 3.50GHz,2019,1136
Intel Core i5-3570 @ 3.40GHz,2018,238.88
AMD Ryzen 5 PRO 1500,2017,
Intel Xeon E5-1681 v3 @ 2.90GHz,2017,
Intel Core i3-4150 @ 3.50GHz,2014,124.99
Intel Core i7-7700HQ @ 2.80GHz,2011,
Intel Core i7-4820K @ 3.70GHz,2010,409.99
Intel Xeon E5-2673 v2 @ 3.30GHz,2009,
Intel Core i7-2700K @ 3.50GHz,2008,309
Intel Xeon E5-2643 v3 @ 3.40GHz,2007,1829.48
Intel Core i7-3970X @ 3.50GHz,2006,435
Intel Xeon Platinum 8173M @ 2.00GHz,2003,
Intel Core i7-5700HQ @ 2.70GHz,2003,
Intel Pentium G3450 @ 3.40GHz,2002,175.48
Intel Xeon E3-1245 V2 @ 3.40GHz,2001,607.59
Intel Core i7-6567U @ 3.30GHz,1999,
Intel Core i5-4570S @ 2.90GHz,1998,279.3
Intel Core i5-4570T @ 2.90GHz,1997,345.5
Intel Core i7-4930K @ 3.40GHz,1997,709.9
Intel Core i7-3920XM @ 2.90GHz,1996,1096
AMD Ryzen Threadripper 1950X,1994,899
AMD Ryzen 5 1600X,1994,197.99
Intel Core i7-5960X @ 3.00GHz,1994,901.31
AMD Ryzen Threadripper 1920X,1993,749.99
Intel Core i7-4800MQ @ 2.70GHz,1992,509.95
AMD Ryzen 7 PRO 1700X,1990,
Intel Core i7-4610M @ 3.00GHz,1990,
Intel Pentium G4560 @ 3.50GHz,1986,63.64
Intel Core i5-3550S @ 3.00GHz,1986,230.51
Intel Core i7-3960X @ 3.30GHz,1986,749.5
Intel Xeon E5-1650 v2 @ 3.50GHz,1984,644.95
Intel Xeon E3-1268L v5 @ 2.40GHz,1983,377
Intel Xeon E5-2697 v3 @ 2.60GHz,1982,2661.9
Intel Xeon E5-2667 v2 @ 3.30GHz,1982,742
Intel Pentium G4500 @ 3.50GHz,1982,70.81
Intel Core i7-4578U @ 3.00GHz,1977,
Intel Core i3-4370T @ 3.30GHz,1976,138
Intel Core i7-6700T @ 2.80GHz,1975,494.76
AMD Ryzen 3 PRO 1300,1975,
Intel Xeon E3-1290 @ 3.60GHz,1974,885
Intel Core i5-6402P @ 2.80GHz,1971,189.99
Intel Core i5-3550 @ 3.30GHz,1969,253.4
Intel Core i7-5700EQ @ 2.60GHz,1969,
Intel Xeon E3-1280 @ 3.50GHz,1967,596.99
AMD Ryzen 7 1800X,1967,314.99
Intel Xeon E5-2690 v3 @ 2.60GHz,1965,2359.99
Intel Core i7-6700TE @ 2.40GHz,1964,
Intel Core i3-4130 @ 3.40GHz,1963,172
Intel Xeon E5-2618L v3 @ 2.30GHz,1960,
Intel Core i5-3570S @ 3.10GHz,1958,285
Intel Core i5-7260U @ 2.20GHz,1957,
Intel Xeon E5-1620 v2 @ 3.70GHz,1957,329
Intel Core i7-4860HQ @ 2.40GHz,1957,
Intel Xeon E3-1535M v5 @ 2.90GHz,1957,
Intel Core i5-7400 @ 3.00GHz,1956,159
AMD Ryzen 7 PRO 1700,1955,
Intel Xeon E3-1225 v5 @ 3.30GHz,1955,259.99
Intel Core i5-4690T @ 2.50GHz,1955,
Intel Core i5-2550K @ 3.40GHz,1954,189
Intel Xeon E5-1660 @ 3.30GHz,1954,1226.66
Intel Core i7-4722HQ @ 2.40GHz,1952,
Intel Xeon Gold 6130 @ 2.10GHz,1952,1984.99
Intel Core i5-7300U @ 2.60GHz,1952,
Intel Core i7-4850HQ @ 2.30GHz,1951,434
Intel Xeon E5-2667 v4 @ 3.20GHz,1951,2486.48
Intel Xeon E3-1268L v3 @ 2.30GHz,1949,
Intel Core i5-6500 @ 3.20GHz,1946,189.98
Intel Xeon E3-1230 V2 @ 3.30GHz,1946,309.5
Intel Core i5-4460 @ 3.20GHz,1946,188.99
Intel Core i7-3820 @ 3.60GHz,1944,354.9
Intel Core i7-2600K @ 3.40GHz,1942,436
Intel Xeon E3-1220 v5 @ 3.00GHz,1939,240.52
Intel Xeon E5-2640 v3 @ 2.60GHz,1939,975.24
Intel Xeon E5-2696 v3 @ 2.30GHz,1938,2498
Intel Core i7-4600M @ 2.90GHz,1938,
AMD Ryzen 5 1500X,1937,158.99
Intel Core i5-4340M @ 2.90GHz,1937,
Intel Core i7-3930K @ 3.20GHz,1936,604.95
Intel Core i3-7101TE @ 3.40GHz,1935,117
Intel Xeon E3-1275 @ 3.40GHz,1933,304
AMD Ryzen 5 2400G,1933,161.8
Intel Xeon E5-2687W v3 @ 3.10GHz,1932,3009.95
Intel Core i7-3770T @ 2.50GHz,1932,329.99
Intel Core i7-7500U @ 2.70GHz,1932,
Intel Xeon E5-1620 @ 3.60GHz,1932,510
Intel Core i3-4570T @ 2.90GHz,1931,
Intel Xeon Gold 6136 @ 3.00GHz,1929,2609.99
Intel Xeon E5-2690 v4 @ 2.60GHz,1928,2360.37
Intel Core i7-6820EQ @ 2.80GHz,1926,
Intel Core i3-7100T @ 3.40GHz,1924,
Intel Xeon E3-1220 v3 @ 3.10GHz,1922,236.66
Intel Core i7-2600 @ 3.40GHz,1922,189.99
Intel Core i5-6600T @ 2.70GHz,1921,199.99
Intel Core i3-7300T @ 3.50GHz,1921,
Intel Pentium G3260 @ 3.30GHz,1920,110
Intel Core i5-8250U @ 1.60GHz,1920,
Intel Xeon E3-1270 @ 3.40GHz,1919,369
AMD PRO A12-8870,1919,
Intel Xeon E5-2695 v3 @ 2.30GHz,1918,2499.99
Intel Core i7-3840QM @ 2.80GHz,1917,335
Intel Xeon E5-1650 @ 3.20GHz,1917,175
AMD PRO A12-9800,1916,169
Intel Core i5-4460S @ 2.90GHz,1915,659.99
Intel Core i5-3470 @ 3.20GHz,1914,124.63
Intel Core i5-4670S @ 3.10GHz,1913,
Intel Core i7-4720HQ @ 2.60GHz,1912,
Intel Xeon E5-2623 v3 @ 3.00GHz,1910,404.99
Intel Xeon E3-1220 v6 @ 3.00GHz,1908,214.99
Intel Xeon E5-2687W v4 @ 3.00GHz,1906,2307.31
Intel Core i7-6770HQ @ 2.60GHz,1904,1001.88
Intel Xeon E3-1225 V2 @ 3.20GHz,1903,506.59
Intel Core i7-5557U @ 3.10GHz,1900,705
Intel Core i7-4770HQ @ 2.20GHz,1899,
Intel Core i5-2500K @ 3.30GHz,1898,489.95
Intel Xeon E3-1505M v5 @ 2.80GHz,1898,
Intel Core i3-6300T @ 3.30GHz,1897,166.96
Intel Core i7-4710MQ @ 2.50GHz,1896,271.57
Intel Core i5-3475S @ 2.90GHz,1895,85.9
Intel Core i3-4360T @ 3.20GHz,1894,
Intel Core i5-4210H @ 2.90GHz,1889,
Intel Core i7-6820HK @ 2.70GHz,1889,
Intel Pentium G3440 @ 3.30GHz,1889,163.67
Intel Core i5-6440HQ @ 2.60GHz,1885,
AMD Ryzen 3 1300X,1884,114.99
Intel Core i5-5575R @ 2.80GHz,1884,
Intel Core i7-6820HQ @ 2.70GHz,1881,
Intel Core i5-7300HQ @ 2.50GHz,1881,
Intel Pentium G4400 @ 3.30GHz,1881,52.99
AMD Ryzen 7 1700X,1880,283.97
Intel Core i5-4440 @ 3.10GHz,1878,789.74
Intel Core i5-2500 @ 3.30GHz,1877,132
Intel Pentium G3430 @ 3.30GHz,1876,116.15
Intel Core i7-3740QM @ 2.70GHz,1875,239.95
Intel Pentium G3420 @ 3.20GHz,1871,109.99
Intel Xeon E3-1245 @ 3.30GHz,1869,255
Intel Xeon E5-2643 v2 @ 3.50GHz,1869,1409.05
Intel Core i5-4330M @ 2.80GHz,1868,274.99
Intel Core i5-7500T @ 2.70GHz,1868,206.68
Intel Core i5-4310M @ 2.70GHz,1868,
Intel Core i5-4570R @ 2.70GHz,1867,
Intel Xeon E5-4627 v4 @ 2.60GHz,1865,
Intel Xeon E5-2687W @ 3.10GHz,1863,964.98
Intel Pentium G3250 @ 3.20GHz,1863,94.95
Intel Xeon E5-2680 v3 @ 2.50GHz,1863,2008.95
Intel Core i5-3470S @ 2.90GHz,1861,154.96
Intel Xeon X5698 @ 4.40GHz,1857,
Intel Core i5-3450 @ 3.10GHz,1855,199
Intel Core i5-4440S @ 2.80GHz,1855,309.99
Intel Core i3-8130U @ 2.20GHz,1853,281
Intel Core i5-6440EQ @ 2.70GHz,1853,
Intel Core i5-4670T @ 2.30GHz,1853,209.99
AMD A12-9800,1852,198.25
Intel Xeon E5-2640 v4 @ 2.40GHz,1851,974.99
Intel Core i3-3250 @ 3.50GHz,1851,154.99
Intel Core i5-3470T @ 2.90GHz,1850,225.57
Intel Core i5-5287U @ 2.90GHz,1847,
Intel Core i7-3820QM @ 2.70GHz,1847,486.99
Intel Xeon E3-1240 @ 3.30GHz,1838,196.19
Intel Xeon E5-2679 v4 @ 2.50GHz,1837,2702
Intel Xeon E5-2660 v3 @ 2.60GHz,1836,1529.95
Intel Core i5-4200H @ 2.80GHz,1835,
AMD Ryzen 5 1600,1835,174.99
Intel Xeon E3-1235 @ 3.20GHz,1832,244
Intel Core i3-3245 @ 3.40GHz,1830,122
Intel Xeon E5-2637 v2 @ 3.50GHz,1829,1622.17
Intel Core i5-6400 @ 2.70GHz,1829,180.53
Intel Xeon E5-2690 @ 2.90GHz,1828,213.17
Intel Core i3-4170T @ 3.20GHz,1828,149.95
Intel Core i7-3540M @ 3.00GHz,1827,429.95
Intel Core i7-4710HQ @ 2.50GHz,1824,
Intel Core i5-4430 @ 3.00GHz,1824,239.95
Intel Xeon E3-1230 @ 3.20GHz,1822,215
Intel Xeon E5-2698 v3 @ 2.30GHz,1820,3424.02
Intel Xeon E3-1220 V2 @ 3.10GHz,1819,218.8
Intel Xeon E5-2699 v3 @ 2.30GHz,1817,3353.9
Intel Core i3-6100T @ 3.20GHz,1817,113.7
Intel Xeon E5-2680 v2 @ 2.80GHz,1817,401.41
Intel Xeon E5-2673 v4 @ 2.30GHz,1816,
Intel Pentium G2140 @ 3.30GHz,1816,99
Intel Core i7-3720QM @ 2.60GHz,1816,334.72
Intel Core i7-4700EQ @ 2.40GHz,1815,
AMD PRO A6-8570,1814,
Intel Core i7-6600U @ 2.60GHz,1813,
Intel Core i5-7267U @ 3.10GHz,1811,
Intel Core i3-3240 @ 3.40GHz,1810,67.99
Intel Core i3-4350T @ 3.10GHz,1810,
Intel Xeon E5-2690 v2 @ 3.00GHz,1810,624
Intel Core i5-3450S @ 2.80GHz,1810,169.99
AMD PRO A6-9500,1807,74
Intel Core i7-6650U @ 2.20GHz,1807,
Intel Core i7-4560U @ 1.60GHz,1807,
Intel Core i7-4700MQ @ 2.40GHz,1807,189
Intel Core i5-2500S @ 2.70GHz,1806,135.7
Intel Core i7-6700HQ @ 2.60GHz,1802,1509
Intel Core i5-3380M @ 2.90GHz,1802,
Intel Xeon E5-2663 v3 @ 2.80GHz,1801,
Intel Core i7-2600S @ 2.80GHz,1801,346.69
Intel Xeon E5-2689 @ 2.60GHz,1797,
Intel Core i7-4760HQ @ 2.10GHz,1797,
Intel Xeon E5-2643 @ 3.30GHz,1797,541.09
Intel Core i3-4160T @ 3.10GHz,1797,141.99
AMD PRO A10-8770,1796,
Intel Core i7-4700HQ @ 2.40GHz,1793,383
Intel Core i5-4300M @ 2.60GHz,1792,
AMD Ryzen 3 PRO 1200,1789,
Intel Xeon E5-1660 v3 @ 3.00GHz,1788,1616.49
Intel Xeon E5-1607 v4 @ 3.10GHz,1786,
Intel Xeon E5-2680 v4 @ 2.40GHz,1785,1762.9
Intel Core i7-4785T @ 2.20GHz,1785,
Intel Core i7-3520M @ 2.90GHz,1783,235
Intel Pentium G3240 @ 3.10GHz,1783,70.88
Intel Core i5-6360U @ 2.00GHz,1782,
Intel Xeon E5-4627 v3 @ 2.60GHz,1782,2400
AMD A6-9500,1775,58.78
AMD Ryzen 7 1700,1774,254.99
AMD Ryzen 3 2200G,1773,104.99
Intel Core i5-4430S @ 2.70GHz,1773,147.99
Intel Core i5-2450P @ 3.20GHz,1772,195
Intel Core i7-4860EQ @ 1.80GHz,1770,
Intel Core i5-6500TE @ 2.30GHz,1770,
Intel Core i5-4288U @ 2.60GHz,1770,
Intel Core i3-3225 @ 3.30GHz,1769,263.5
Intel Core i5-3360M @ 2.80GHz,1768,98.08
AMD Ryzen 5 2500U,1767,
Intel Core i5-6287U @ 3.10GHz,1764,304
Intel Xeon E5-2697 v4 @ 2.30GHz,1763,2805
Intel Xeon E3-1240L v5 @ 2.10GHz,1762,278
Intel Core i3-3220 @ 3.30GHz,1760,64.49
Intel Xeon E3-1265L V2 @ 2.50GHz,1759,142.42
AMD Athlon X4 845,1758,83.88
Intel Xeon E5-1607 v3 @ 3.10GHz,1758,
Intel Xeon E5-2685 v3 @ 2.60GHz,1758,
Intel Celeron G3920 @ 2.90GHz,1757,45.29
Intel Core i3-2130 @ 3.40GHz,1757,109.5
Intel Core i7-4712HQ @ 2.30GHz,1757,
Intel Xeon E5-2699 v4 @ 2.20GHz,1756,8010
Intel Core i5-3340 @ 3.10GHz,1754,205.99
Intel Pentium G4600T @ 3.00GHz,1750,96.96
Intel Core i3-4150T @ 3.00GHz,1750,229.95
Intel Xeon E5-2630 v3 @ 2.40GHz,1749,668.94
AMD PRO A10-9700,1749,169
Intel Core i5-3350P @ 3.10GHz,1748,225.99
Intel Core i5-6267U @ 2.90GHz,1748,
Intel Core i5-2400 @ 3.10GHz,1746,88
Intel Xeon E3-1240L v3 @ 2.00GHz,1746,
Intel Celeron G3950 @ 3.00GHz,1745,71.22
Intel Core i7-4750HQ @ 2.00GHz,1745,
Intel Core i3-4330T @ 3.00GHz,1743,
Intel Pentium G3220 @ 3.00GHz,1742,102.6
Intel Xeon E3-1225 @ 3.10GHz,1742,247.02
Intel Core i3-7100H @ 3.00GHz,1742,225
AMD Ryzen 3 1200,1736,92.99
AMD A10-8850,1736,
Intel Xeon E3-1220L @ 2.20GHz,1736,
Intel Core i5-7200U @ 2.50GHz,1735,
AMD Ryzen 5 PRO 1600,1735,
AMD PRO A10-8850B,1735,
AMD Ryzen 3 2200U,1734,
Intel Core i5-4278U @ 2.60GHz,1734,
AMD Athlon X4 950,1733,61.56
Intel Core i7-4712MQ @ 2.30GHz,1733,
Intel Xeon E5-4660 v3 @ 2.10GHz,1728,4800
Intel Core i5-2390T @ 2.70GHz,1727,99.9
Intel Core i5-4210M @ 2.60GHz,1726,309.95
AMD FX-9590 Eight-Core,1726,119.99
Intel Xeon E5-1410 v2 @ 2.80GHz,1725,
AMD Ryzen 5 1400,1725,139.98
Intel Pentium G4500T @ 3.00GHz,1725,
Intel Core i5-3570T @ 2.30GHz,1725,
Intel Core i7-3615QE @ 2.30GHz,1725,
AMD A10-9700,1723,88.1
Intel Xeon Gold 5120T @ 2.20GHz,1723,1727
Intel Xeon E5-2696 v2 @ 2.50GHz,1723,
Intel Xeon E5-2676 v3 @ 2.40GHz,1721,
AMD Ryzen 7 2700U,1721,
Intel Xeon E5-2678 v3 @ 2.50GHz,1717,
Intel Core i7-6560U @ 2.20GHz,1717,
Intel Core i7-4702HQ @ 2.20GHz,1716,
AMD PRO A6-8550B,1715,
Intel Pentium G2130 @ 3.20GHz,1715,79.99
AMD A10-7890K,1714,183.2
Intel Core i7-4650U @ 1.70GHz,1714,
Intel Xeon E3-1220 @ 3.10GHz,1713,509.95
Intel Core i3-3210 @ 3.20GHz,1713,110
Intel Pentium G3260T @ 2.90GHz,1712,99.99
Intel Core i5-3340S @ 2.80GHz,1711,320
Intel Core i3-2125 @ 3.30GHz,1708,169
Intel Core i5-5257U @ 2.70GHz,1707,
Intel Core i5-6500T @ 2.50GHz,1706,
Intel Xeon E5-2697 v2 @ 2.70GHz,1705,2235.02
AMD A6-8550,1704,
Intel Core i7-4558U @ 2.80GHz,1704,
Intel Core i7-4702MQ @ 2.20GHz,1703,
Intel Core i7-5550U @ 2.00GHz,1701,
Intel Xeon E5-2670 v3 @ 2.30GHz,1699,1450
Intel Core i5-3330 @ 3.00GHz,1699,359.95
Intel Core i5-3340M @ 2.70GHz,1699,79.95
Intel Core i7-4600U @ 2.10GHz,1698,
Intel Xeon Silver 4112 @ 2.60GHz,1697,529.21
AMD PRO A4-8350B,1696,
Intel Core i5-4590T @ 2.00GHz,1694,
Intel Core i5-2320 @ 3.00GHz,1694,159.86
Intel Xeon E5-2673 v3 @ 2.40GHz,1693,700
Intel Core i7-4765T @ 2.00GHz,1693,269.99
Intel Xeon E5-2650 v3 @ 2.30GHz,1692,970
Intel Core i3-2120 @ 3.30GHz,1692,56.99
Intel Xeon E5-2682 v4 @ 2.50GHz,1690,
AMD PRO A12-8870E,1689,
Intel Xeon E5-2696 v4 @ 2.20GHz,1688,3009.95
Intel Core i5-7400T @ 2.40GHz,1686,159
Intel Xeon E5-2620 v3 @ 2.40GHz,1686,710.54
Intel Core i7-3630QM @ 2.40GHz,1685,235.9
Intel Xeon E5-2630L v3 @ 1.80GHz,1684,751.92
Intel Core i7-6498DU @ 2.50GHz,1683,
Intel Xeon E5-2658 v3 @ 2.20GHz,1682,
Intel Xeon E3-1220L V2 @ 2.30GHz,1682,
Intel Celeron G4900T @ 2.90GHz,1681,
Intel Xeon Silver 4116 @ 2.10GHz,1679,1121.16
Intel Pentium G4560T @ 2.90GHz,1677,74.52
Intel Core i5-3335S @ 2.70GHz,1676,
Intel Core i5-6300HQ @ 2.30GHz,1676,
Intel Core i7-2960XM @ 2.70GHz,1675,409.95
Intel Celeron G1850 @ 2.90GHz,1674,80
Intel Core i3-4130T @ 2.90GHz,1671,88.99
Intel Core i7-5650U @ 2.20GHz,1669,
Intel Celeron G3930 @ 2.90GHz,1668,
AMD Athlon X4 880K,1667,153.89
Intel Core i7-2920XM @ 2.50GHz,1666,608.95
Intel Core i5-2380P @ 3.10GHz,1666,180
Intel Pentium G4400T @ 2.90GHz,1663,
AMD PRO A10-8750B,1662,
Intel Xeon E5-2650 v2 @ 2.60GHz,1661,541.59
Intel Pentium G3440T @ 2.80GHz,1660,
Intel Xeon E5-2683 v3 @ 2.00GHz,1660,1984.99
Intel Xeon E5-1410 @ 2.80GHz,1659,
Intel Core i7-2840QM @ 2.40GHz,1658,
Intel Core i7-5600U @ 2.60GHz,1658,
Intel Core i3-2102 @ 3.10GHz,1657,58
Intel Xeon E5-2680 @ 2.70GHz,1657,189.64
Intel Core i7-995X @ 3.60GHz,1655,
AMD A6-7470K,1655,55.75
Intel Core i5-3330S @ 2.70GHz,1653,224.59
Intel Xeon Silver 4114 @ 2.20GHz,1652,744.73
Intel Core i7-2860QM @ 2.50GHz,1651,599.99
AMD PRO A10-8770E,1648,
Intel Core i7-6500U @ 2.50GHz,1646,
Intel Core i5-4200M @ 2.50GHz,1646,179.99
Intel Pentium G2120 @ 3.10GHz,1646,86.05
Intel Pentium G3250T @ 2.80GHz,1646,45.99
AMD PRO A6-7350B,1645,
Intel Core i7-3555LE @ 2.50GHz,1643,
Intel Core i7-4510U @ 2.00GHz,1643,
Intel Core i5-4258U @ 2.40GHz,1642,
Intel Xeon E3-1260L @ 2.40GHz,1642,364.22
Intel Core i5-3320M @ 2.60GHz,1642,122.74
Intel Core i7-3615QM @ 2.30GHz,1641,
Intel Core i7-3687U @ 2.10GHz,1639,
Intel Core i5-3610ME @ 2.70GHz,1639,
Intel Core i7-3610QM @ 2.30GHz,1638,399.99
Intel Celeron G1840 @ 2.80GHz,1635,76.5
Intel Xeon E3-1505L v5 @ 2.00GHz,1631,
Intel Xeon E5-2630 v4 @ 2.20GHz,1631,708.5
Intel Core i5-6300U @ 2.40GHz,1629,
Intel Xeon E5-2695 v4 @ 2.10GHz,1628,2483.99
AMD A10-6800B APU,1628,
AMD PRO A10-9700E,1627,139
AMD A10-8750,1627,
AMD A6 PRO-7400B,1626,
Intel Core i3-3250T @ 3.00GHz,1626,
AMD A12-9730P,1625,
Intel Core i5-2310 @ 2.90GHz,1625,65
AMD A12-9800E,1623,117.55
Intel Celeron G3900 @ 2.80GHz,1623,37.1
AMD PRO A12-9800E,1623,169
Intel Xeon E5-1603 v4 @ 2.80GHz,1621,
AMD PRO A8-9600,1618,119
AMD FX-9370 Eight-Core,1617,245.19
Intel Xeon E5-1607 v2 @ 3.00GHz,1617,313
Intel Xeon E5-2660 v4 @ 2.00GHz,1616,1489.97
Intel Core i7-4770TE @ 2.30GHz,1614,
Intel Xeon E5-2670 v2 @ 2.50GHz,1613,492.77
Intel Core i5-4308U @ 2.80GHz,1611,
AMD A8-8650,1611,
Intel Xeon E3-1235L v5 @ 2.00GHz,1611,
AMD FX-9830P,1610,
AMD A10 PRO-7800B APU,1609,
AMD A9-9430,1608,
Intel Core i5-2400S @ 2.50GHz,1608,65
Intel Xeon E5-2667 @ 2.90GHz,1608,178.99
Intel Core i5-2405S @ 2.50GHz,1608,164.4
Intel Pentium G2030 @ 3.00GHz,1607,40.99
AMD PRO A8-8650B,1607,
Intel Pentium G3420T @ 2.70GHz,1606,105.25
Intel Xeon E5-2692 v2 @ 2.20GHz,1606,
AMD Opteron X3421 APU,1604,
Intel Pentium G870 @ 3.10GHz,1604,97
Intel Xeon E5-2623 v4 @ 2.60GHz,1601,549
AMD Athlon X4 860K,1601,72.97
AMD PRO A6-9500E,1600,74
Intel Core i5-2500T @ 2.30GHz,1597,
Intel Xeon E5-2630L v4 @ 1.80GHz,1596,
Intel Core i5-6260U @ 1.80GHz,1595,518.99
Intel Core i7-2640M @ 2.80GHz,1595,200.78
Intel Xeon E5-2618L v4 @ 2.20GHz,1591,779
AMD PRO A6-8570E,1590,
Intel Core i7-2760QM @ 2.40GHz,1589,139.95
Intel Xeon E3-1230L v3 @ 1.80GHz,1588,287.9
Intel Xeon E5-2658 v2 @ 2.40GHz,1587,
Intel Core i3-2100 @ 3.10GHz,1585,30
Intel Xeon E5-2698 v4 @ 2.20GHz,1584,3226
AMD PRO A12-8830B,1583,
Intel Core i3-2105 @ 3.10GHz,1581,118
Intel Core i7-4610Y @ 1.70GHz,1581,
Intel Celeron G1820 @ 2.70GHz,1581,149.99
AMD A10 PRO-7850B APU,1581,
AMD A6-6420B APU,1580,
Intel Core i5-4310U @ 2.00GHz,1579,
Intel Xeon E5-1607 @ 3.00GHz,1578,27.5
Intel Core i5-3230M @ 2.60GHz,1578,249.65
Intel Xeon E5-2670 @ 2.60GHz,1578,265.32
AMD A6-7400K APU,1578,45.99
AMD Athlon X4 870K,1577,74.01
Intel Core i5-2300 @ 2.80GHz,1577,99.99
Intel Xeon X5687 @ 3.60GHz,1576,93.95
AMD A8-9600,1575,67.51
AMD A10-7860K,1575,319
Intel Pentium G3240T @ 2.70GHz,1575,
Intel Core i5-4300U @ 1.90GHz,1574,
Intel Xeon @ 2.20GHz,1573,
Intel Core i7-3667U @ 2.00GHz,1573,
AMD A10-7850K APU,1572,398.98
AMD EPYC 7501,1570,3649.99
Intel Celeron G1830 @ 2.80GHz,1566,70.99
AMD A10-9700E,1565,96.17
Intel Core i5-2540M @ 2.60GHz,1565,69.95
Intel Xeon E5-2650 v4 @ 2.20GHz,1565,1169.99
Intel Core i7-3632QM @ 2.20GHz,1564,335
AMD PRO A12-9800B,1564,
Intel Core i7-4500U @ 1.80GHz,1564,
AMD A10-7870K,1563,117.44
Intel Core i7-2620M @ 2.70GHz,1563,179.21
Intel Core i3-6100TE @ 2.70GHz,1563,
Intel Xeon E5-2649 v3 @ 2.30GHz,1561,
Intel Xeon E5-2630 v2 @ 2.60GHz,1558,418.48
Intel Xeon W3690 @ 3.47GHz,1558,2260.61
Intel Core i3-6100H @ 2.70GHz,1557,
Intel Xeon E5-2695 v2 @ 2.40GHz,1552,1774.85
Intel Core i5-4402E @ 1.60GHz,1552,
Intel Core i3-7130U @ 2.70GHz,1552,281
Intel Core i7-2820QM @ 2.30GHz,1551,359.95
Intel Core i3-4110M @ 2.60GHz,1551,
Intel Pentium G860 @ 3.00GHz,1549,29.99
AMD EPYC 7351P,1548,768.43
AMD A9-9410,1548,
Intel Core i7-5500U @ 2.40GHz,1546,
Intel Core i5-2510E @ 2.50GHz,1546,
Intel Core i3-2140 @ 3.50GHz,1545,
Intel Core i7-985 @ 3.47GHz,1545,
AMD A8-7600 APU,1544,167
Intel Pentium G2020 @ 2.90GHz,1544,59.95
AMD EPYC 7401P,1543,1149.99
AMD Athlon X4 840,1542,78.74
Intel Xeon D-1567 @ 2.10GHz,1541,
Intel Core i7-4550U @ 1.50GHz,1541,
Intel Core i5-680 @ 3.60GHz,1540,272.01
Intel Xeon E5-2620 v4 @ 2.10GHz,1538,451.02
AMD FX-870K Quad Core,1537,
AMD A10-7800 APU,1537,104.99
AMD Embedded R-Series RX-418GD Radeon R6,1537,
Intel Core i5-6198DU @ 2.30GHz,1536,
AMD A10-6800K APU,1536,287.91
Intel Xeon E5-1603 v3 @ 2.80GHz,1534,
AMD FX-4350 Quad-Core,1534,122.88
AMD FX-8370 Eight-Core,1534,163.78
Intel Xeon E5-2686 v3 @ 2.00GHz,1531,
AMD A8-7670K,1529,161.5
Pentium Dual-Core E6000 @ 3.46GHz,1527,
Intel Core i5-5300U @ 2.30GHz,1526,495.14
Intel Xeon X5677 @ 3.47GHz,1524,350
Intel Core i5-4350U @ 1.40GHz,1522,
Intel Xeon E5-2683 v4 @ 2.10GHz,1522,1899.99
Intel Core i7-3612QM @ 2.10GHz,1522,
Intel Core i5-3210M @ 2.50GHz,1522,120.29
Intel Core i7-3635QM @ 2.40GHz,1521,
AMD A10-6700 APU,1521,507.68
Intel Core i5-4260U @ 1.40GHz,1520,
Intel Xeon Silver 4110 @ 2.10GHz,1519,539.99
Intel Xeon W3680 @ 3.33GHz,1519,459.95
AMD FX-670K Quad-Core,1517,
Intel Core i5-6400T @ 2.20GHz,1516,169
Intel Core i3-3240T @ 2.90GHz,1516,
Intel Core i7-3537U @ 2.00GHz,1515,
Intel Core i3-6100E @ 2.70GHz,1514,
Intel Xeon D-1531 @ 2.20GHz,1513,348
Intel Core i7-990X @ 3.47GHz,1511,509
AMD FX-7600P APU,1511,
Intel Core i5-4460T @ 1.90GHz,1509,
AMD FX-8350 Eight-Core,1509,108.89
Intel Xeon X5690 @ 3.47GHz,1508,169.64
Intel Celeron G3900T @ 2.60GHz,1506,
Intel Xeon E5-4640 v3 @ 1.90GHz,1506,
AMD Embedded R-Series RX-421BD,1506,
AMD A10-5800B APU,1505,
AMD PRO A10-9700B,1504,
Intel Xeon E5-2665 @ 2.40GHz,1504,141.5
AMD EPYC 7551,1502,3699.99
Intel Xeon E5-2660 v2 @ 2.20GHz,1502,527.5
AMD FX-6330 Six-Core,1502,
Intel Pentium G850 @ 2.90GHz,1500,34.9
AMD A10-7700K APU,1499,100
Intel Core i5-6200U @ 2.30GHz,1499,
Intel Xeon E5-4650 @ 2.70GHz,1498,491.8
Intel Xeon E5-4617 @ 2.90GHz,1497,89.9
Intel Core i3-3220T @ 2.80GHz,1496,165.5
Intel Pentium G2010 @ 2.80GHz,1496,35.99
Intel Core i5-2520M @ 2.50GHz,1495,169.6
Intel Xeon X5679 @ 3.20GHz,1494,
AMD FX-770K Quad-Core,1494,
Intel Pentium D1508 @ 2.20GHz,1493,129
Intel Xeon W3580 @ 3.33GHz,1490,214.5
AMD FX-4320,1488,
AMD EPYC 7251 8-Core,1487,519.42
Intel Pentium G645 @ 2.90GHz,1485,95
AMD A8-6500B APU,1484,
AMD A10-6790K APU,1483,206.82
AMD FX-6350 Six-Core,1481,128.34
Intel Celeron G1630 @ 2.80GHz,1480,69.99
Intel Xeon E5-2628L v3 @ 2.00GHz,1479,
Intel Xeon E3-1265L @ 2.40GHz,1478,918.35
AMD FX-4330,1473,
Intel Xeon E5-2630L v2 @ 2.40GHz,1470,
Intel Xeon E5-1603 @ 2.80GHz,1470,164.99
AMD A6-6420K APU,1466,71
Intel Xeon W3570 @ 3.20GHz,1464,479.95
Intel Core i7-7Y75 @ 1.30GHz,1464,
AMD Athlon X4 750 Quad Core,1462,
Intel Xeon E5-2640 @ 2.50GHz,1462,107.29
AMD Athlon X2 370K Dual Core,1461,
AMD A8-6600K APU,1461,189.04
Intel Xeon E5-2648L v3 @ 1.80GHz,1460,1335.98
Intel Pentium G840 @ 2.80GHz,1459,59.99
AMD A10-5800K APU,1459,125.99
Intel Core i7-975 @ 3.33GHz,1459,656.01
Intel Core i7-2720QM @ 2.20GHz,1459,169.97
Intel Pentium G3220T @ 2.60GHz,1459,39.99
Intel Core i5-4250U @ 1.30GHz,1456,354.99
AMD A8-7650K,1455,78.99
Intel Core i7-980X @ 3.33GHz,1455,799.99
Intel Core i7-980 @ 3.33GHz,1454,699.99
AMD A8 PRO-7600B APU,1454,
Intel Core i7-3612QE @ 2.10GHz,1453,
Intel Xeon E5-2440 @ 2.40GHz,1450,745
AMD A4 PRO-7300B APU,1446,
Intel Celeron G1620 @ 2.70GHz,1445,153.59
Intel Celeron G1840T @ 2.50GHz,1444,
Intel Xeon X5492 @ 3.40GHz,1443,1391.29
Intel Core i5-4570TE @ 2.70GHz,1443,268.42
Intel Pentium G2100T @ 2.60GHz,1442,
Intel Xeon D-1521 @ 2.40GHz,1441,
AMD RX-427BB,1441,
Intel Core i5-655K @ 3.20GHz,1441,
AMD FX-8800P,1441,
Intel Xeon W5590 @ 3.33GHz,1441,269.99
AMD Athlon X4 760K Quad Core,1441,46.5
Intel Core i5-3437U @ 1.90GHz,1440,
Intel Pentium G640 @ 2.80GHz,1440,24.99
AMD A8-6500 APU,1439,160.99
AMD A10-9630P,1438,
Intel Core i5-4210U @ 1.70GHz,1437,
AMD PRO A12-8800B,1436,
Intel Xeon X5680 @ 3.33GHz,1436,145.69
AMD FirePro A320 APU,1432,
Intel Core i5-5250U @ 1.60GHz,1431,441.89
AMD PRO A6-8530B,1428,
AMD A4-6320 APU,1427,104.09
AMD PRO A8-9600B,1423,
Intel Xeon E5-4640 @ 2.40GHz,1423,2730
AMD FX-8370E Eight-Core,1421,242.4
Intel Xeon D-1541 @ 2.10GHz,1421,
Intel Xeon E5-2658 v4 @ 2.30GHz,1416,
Intel Xeon X5260 @ 3.33GHz,1415,139.24
Intel Xeon W3565 @ 3.20GHz,1414,69.95
Intel Xeon E5-2660 @ 2.20GHz,1412,109
Intel Core i7-3517U @ 1.90GHz,1412,
AMD FX-4300 Quad-Core,1410,72.99
Intel Xeon E5-2650L v4 @ 1.70GHz,1410,1496
AMD A9-9420,1410,
Intel Xeon W5580 @ 3.20GHz,1410,88.88
Intel Core i5-3427U @ 1.80GHz,1410,420.05
AMD FX-6300 Six-Core,1408,77.5
AMD PRO A10-8730B,1408,
AMD A12-9720P,1408,
Intel Xeon E5-2650L v3 @ 1.80GHz,1408,1010
Intel Xeon W3670 @ 3.20GHz,1405,295
Intel Celeron G3900E @ 2.40GHz,1404,
Intel Core i5-5200U @ 2.20GHz,1404,
AMD FX-8300 Eight-Core,1404,106.99
AMD A6-6400K APU,1403,48.58
Intel Xeon X5675 @ 3.07GHz,1402,239
AMD FX-4170 Quad-Core,1401,143.61
Intel Core i5-670 @ 3.47GHz,1401,252.01
AMD FX-8310 Eight-Core,1401,
Intel Core i5-2450M @ 2.50GHz,1400,130
Intel Core i5-2560M @ 2.70GHz,1398,
AMD FX-8320 Eight-Core,1398,94.99
AMD A4-6300B APU,1398,100
Intel Core i7-2670QM @ 2.20GHz,1397,134.79
Intel Celeron G1610 @ 2.60GHz,1397,24.99
Intel Core i7-970 @ 3.20GHz,1394,550
AMD FX-9800P,1394,
AMD Opteron X3216 APU,1394,
Intel Xeon X5470 @ 3.33GHz,1392,293.87
Intel Pentium 1403 @ 2.60GHz,1392,
Intel Core i3-5157U @ 2.50GHz,1391,
Intel Core2 Extreme X9775 @ 3.20GHz,1391,1805.95
AMD A4-7300 APU,1390,44.59
Intel Core i7-960 @ 3.20GHz,1390,295
Intel Celeron G1820T @ 2.40GHz,1389,42
Intel Xeon X5672 @ 3.20GHz,1387,115.12
AMD A6-6400B APU,1387,
AMD A4 PRO-7350B,1386,
Intel Core i5-660 @ 3.33GHz,1386,143.95
Intel Core i7-965 @ 3.20GHz,1385,359
Intel Core i7-2710QE @ 2.10GHz,1385,
AMD PRO A6-9500B,1384,
Intel Celeron G555 @ 2.70GHz,1383,50
Intel Pentium G630 @ 2.70GHz,1381,24.99
Intel Core m7-6Y75 @ 1.20GHz,1381,
Intel Core i5-4200U @ 1.60GHz,1379,
Intel Xeon E5-2630 @ 2.30GHz,1379,160.02
AMD A8-5600K APU,1378,229.3
Intel Core i7-610E @ 2.53GHz,1378,
Intel Pentium G2030T @ 2.60GHz,1377,64
Intel Core i5-7Y57 @ 1.20GHz,1376,
AMD Embedded R-Series RX-216GD,1376,
Intel Xeon X5270 @ 3.50GHz,1375,
Intel Core i7-3610QE @ 2.30GHz,1375,
Intel Core2 Duo E8600 @ 3.33GHz,1374,22.99
AMD A10-9620P,1373,
Intel Core i5-2415M @ 2.30GHz,1373,
AMD PRO A6-8500B,1371,
Intel Core i3-4100M @ 2.50GHz,1370,218.57
Intel Core i7-6822EQ @ 2.00GHz,1370,
Intel Core2 Extreme X9770 @ 3.20GHz,1369,1608.95
Intel Xeon Silver 4109T @ 2.00GHz,1369,501
Intel Core i3-560 @ 3.33GHz,1368,179.95
AMD Athlon X4 750K Quad Core,1368,76.99
Intel Core i5-7Y54 @ 1.20GHz,1367,
Intel Xeon X3480 @ 3.07GHz,1367,
Intel Xeon E5-4650L @ 2.60GHz,1367,8684.5
Intel Core i3-4330TE @ 2.40GHz,1366,
Intel Xeon X5482 @ 3.20GHz,1365,99.99
Intel Core i3-3130M @ 2.60GHz,1365,
AMD FX-8320E Eight-Core,1364,116.99
Intel Core i5-2430M @ 2.40GHz,1364,199.95
AMD FX-B4150 Quad-Core,1362,
AMD FX-4150 Quad-Core,1361,
AMD Athlon X4 830,1361,
AMD A10-5700 APU,1359,514.7
Intel Core i3-6157U @ 2.40GHz,1358,
Intel Core i3-7100U @ 2.40GHz,1357,
Intel Xeon X5570 @ 2.93GHz,1357,47.24
Intel Core i7-2655LE @ 2.20GHz,1356,
Intel Xeon E5-2648L v4 @ 1.80GHz,1356,
AMD A4-6300 APU,1356,44.97
Intel Xeon W3550 @ 3.07GHz,1356,235
Intel Core i7-880 @ 3.07GHz,1353,583
Intel Xeon X3380 @ 3.16GHz,1352,
Intel Pentium E6800 @ 3.33GHz,1351,831.38
Intel Pentium G3320TE @ 2.30GHz,1350,
Intel Xeon E5-2420 v2 @ 2.20GHz,1348,559.95
Intel Xeon X5670 @ 2.93GHz,1346,73.49
Intel Core i7-870S @ 2.67GHz,1344,
Intel Xeon D-1540 @ 2.00GHz,1344,
Intel Pentium 3560M @ 2.40GHz,1342,
AMD A9-9400,1340,
Intel Core2 Extreme X9750 @ 3.16GHz,1339,
Intel Xeon E3120 @ 3.16GHz,1338,
Intel Pentium G2020T @ 2.50GHz,1337,47.6
Intel Core i7-860S @ 2.53GHz,1337,422.01
Intel Xeon X5460 @ 3.16GHz,1336,60.07
Intel Xeon X5272 @ 3.40GHz,1335,140
AMD FX-8150 Eight-Core,1334,214.99
Intel Celeron G550 @ 2.60GHz,1333,19.99
Intel Core i5-24050S @ 2.50GHz,1333,
AMD A6-5400B APU,1332,105.04
Intel Core i5-2435M @ 2.40GHz,1332,
Intel Core i3-4000M @ 2.40GHz,1331,199.95
Intel Core i5-661 @ 3.33GHz,1328,252.01
Intel Pentium G620 @ 2.60GHz,1326,24.99
Intel Core i5-2410M @ 2.30GHz,1326,72
Intel Core i7-950 @ 3.07GHz,1326,300
Intel Core m5-6Y54 @ 1.10GHz,1324,
Intel Core i5-650 @ 3.20GHz,1321,125.2
Intel Core i5-2515E @ 2.50GHz,1321,
AMD A6-9230,1320,
AMD A12-9700P,1319,
Intel Xeon X5647 @ 2.93GHz,1318,199.75
Intel Celeron 2000E @ 2.20GHz,1318,
Intel Xeon E5-2628L v4 @ 1.90GHz,1317,1364
Intel Pentium 4415U @ 2.30GHz,1317,
Intel Core2 Duo E8500 @ 3.16GHz,1316,19.99
Intel Core i3-2120T @ 2.60GHz,1316,113
Intel Core i7-2630QM @ 2.00GHz,1315,129
Intel Pentium E5800 @ 3.20GHz,1315,44
AMD FX-6130 Six-Core,1313,
Intel Pentium 2030M @ 2.50GHz,1312,134
AMD Opteron 6328,1311,500
AMD A6-8500P,1310,
AMD A6-5400K APU,1310,82.86
Intel Xeon E5-4648 v3 @ 1.70GHz,1310,
Intel Xeon X5667 @ 3.07GHz,1309,70
AMD A10-9600P,1308,
Intel Core i7-640M @ 2.80GHz,1307,159.95
AMD FX-6200 Six-Core,1305,136.48
Intel Xeon E5-2650 @ 2.00GHz,1302,130.76
Intel Core i7-2675QM @ 2.20GHz,1302,
Intel Core i7-870 @ 2.93GHz,1301,309.95
Intel Xeon W3540 @ 2.93GHz,1300,359.95
Intel Core i3-550 @ 3.20GHz,1298,99.75
AMD A6-9220,1298,
Intel Core i3-6100U @ 2.30GHz,1296,515
AMD Phenom II X4 980,1296,136.64
Intel Celeron G1620T @ 2.40GHz,1295,42
AMD Athlon X4 740 Quad Core,1294,277
Intel Pentium E6700 @ 3.20GHz,1293,51.9
Intel Core i7-875K @ 2.93GHz,1292,486.01
Intel Xeon E5-2629 v3 @ 2.40GHz,1291,
Intel Core i7-2635QM @ 2.00GHz,1290,
Intel Core i7-3517UE @ 1.70GHz,1290,
Intel Celeron 2970M @ 2.20GHz,1289,
Intel Celeron G540 @ 2.50GHz,1287,45
Intel Core m5-6Y57 @ 1.10GHz,1287,
Intel Core i3-3120M @ 2.50GHz,1286,160
Intel Xeon L5240 @ 3.00GHz,1286,31.4
AMD Opteron 4332 HE,1285,
Intel Core i5-5350U @ 1.80GHz,1285,
AMD PRO A8-8600B,1285,
AMD FX-6120 Six-Core,1285,
Intel Pentium 3550M @ 2.30GHz,1283,
Intel Xeon E5-2620 v2 @ 2.10GHz,1281,454.6
Intel Core m3-7Y32 @ 1.10GHz,1279,
AMD A4-5300B APU,1279,38
Intel Celeron 3965U @ 2.20GHz,1279,107
Intel Pentium G645T @ 2.50GHz,1278,
AMD A8-5500B APU,1278,
Intel Xeon X5560 @ 2.80GHz,1277,56.9
Intel Core i7-940 @ 2.93GHz,1277,299
Intel Core M-5Y71 @ 1.20GHz,1277,281
Intel Xeon E5240 @ 3.00GHz,1277,
Intel Core m3-7Y30 @ 1.00GHz,1275,
Intel Xeon X3370 @ 3.00GHz,1273,367.02
Intel Core i5-3337U @ 1.80GHz,1273,225
Intel Core i7-2715QE @ 2.10GHz,1272,
AMD A8-5500 APU,1272,129
Intel Xeon X5660 @ 2.80GHz,1272,70.82
Intel Xeon E5450 @ 3.00GHz,1270,52.42
Intel Xeon E3113 @ 3.00GHz,1270,9.79
Intel Xeon E3110 @ 3.00GHz,1267,28.4
AMD PRO A10-8700B,1266,
Intel Xeon L3110 @ 3.00GHz,1266,
Intel Xeon E5-2609 v2 @ 2.50GHz,1266,484.01
AMD Athlon X2 340 Dual Core,1264,29.99
AMD Opteron 3350 HE,1264,
Intel Core2 Quad Q9650 @ 3.00GHz,1264,92.99
Intel Xeon E5-2430 v2 @ 2.50GHz,1263,542.12
Intel Xeon X5450 @ 3.00GHz,1263,51.57
Intel Xeon E5-2448L v2 @ 1.80GHz,1263,1424
Intel Xeon W3530 @ 2.80GHz,1261,59.95
AMD Phenom II X4 975,1260,129.99
Intel Xeon X3460 @ 2.80GHz,1260,75.5
AMD FX-7600P,1255,
Intel Pentium E6600 @ 3.06GHz,1255,14
AMD Phenom II X6 1100T,1254,233.99
Intel Core i3-2100T @ 2.50GHz,1254,119.99
Intel Core2 Extreme X9650 @ 3.00GHz,1252,909
Intel Pentium 2020M @ 2.40GHz,1252,134
AMD FX-4130 Quad-Core,1251,78.99
Intel Xeon E5-4669 v4 @ 2.20GHz,1250,
Intel Core2 Duo E8400 @ 3.00GHz,1250,11
AMD A4-5300 APU,1250,43.99
Intel Xeon X5550 @ 2.67GHz,1249,22.3
Intel Xeon D-1587 @ 1.70GHz,1248,
Intel Core2 Duo E8290 @ 2.83GHz,1248,
Intel Core2 Duo E7600 @ 3.06GHz,1248,119.95
Intel Xeon E5472 @ 3.00GHz,1247,54.8
AMD Opteron 4334,1245,216.42
Intel Xeon E5-2440 v2 @ 1.90GHz,1245,400
Intel Core i7-3689Y @ 1.50GHz,1245,
Intel Xeon E5-2675 v3 @ 1.80GHz,1244,
Intel Core M-5Y70 @ 1.10GHz,1235,
Intel Core i5-580M @ 2.67GHz,1235,109.95
Intel Celeron G530 @ 2.40GHz,1234,51.49
AMD Phenom II X4 970,1232,171.91
Intel Xeon E5-4620 @ 2.20GHz,1232,3519.97
Intel Core i3-3110M @ 2.40GHz,1231,79.95
Intel Xeon X5650 @ 2.67GHz,1231,72.19
AMD Athlon II X2 280,1229,99.99
Intel Core i7-860 @ 2.80GHz,1228,280.46
Intel Xeon X3470 @ 2.93GHz,1228,509.95
Intel Xeon E5-2620 @ 2.00GHz,1227,49.95
Intel Core i3-540 @ 3.07GHz,1222,24
Intel Pentium E5700 @ 3.00GHz,1221,13.99
Intel Xeon L3360 @ 2.83GHz,1221,89.23
Intel Xeon X5472 @ 3.00GHz,1220,225
AMD FX-4100 Quad-Core,1220,129.99
Intel Core i5-4302Y @ 1.60GHz,1220,
AMD A10-8700P,1220,
AMD Phenom II X6 1090T,1219,396.08
Intel Core i5-3317U @ 1.70GHz,1219,225
Intel Core i7-930 @ 2.80GHz,1217,508.95
Intel Core i3-5020U @ 2.20GHz,1216,459
AMD FX-8120 Eight-Core,1216,179.99
Intel Xeon E5-2609 @ 2.40GHz,1215,117.99
Intel Pentium G6960 @ 2.93GHz,1214,
Intel Xeon E5-2630L @ 2.00GHz,1213,
AMD Phenom II X2 570,1213,
Intel Xeon X3363 @ 2.83GHz,1212,157.95
Intel Core i7-620M @ 2.67GHz,1212,110.01
AMD A6-9200,1209,
Intel Celeron 1020E @ 2.20GHz,1209,
Intel Core2 Duo E8435 @ 3.06GHz,1208,
Intel Xeon E5440 @ 2.83GHz,1207,55
Intel Core i7-2637M @ 1.70GHz,1207,
Intel Xeon E5-2608L v3 @ 2.00GHz,1205,441
Intel Celeron G1820TE @ 2.20GHz,1204,
Intel Core2 Duo E7500 @ 2.93GHz,1204,13.99
AMD Embedded G-Series GX-224IJ Radeon R4E,1200,
AMD FX-4200 Quad-Core,1200,228.21
Intel Core i5-760 @ 2.80GHz,1199,227
Intel Celeron G1610T @ 2.30GHz,1199,40.04
Intel Core2 Quad Q9550 @ 2.83GHz,1198,46.99
Intel Core i5-560M @ 2.67GHz,1197,89.97
Intel Pentium E6500 @ 2.93GHz,1196,157.95
Intel Xeon W3520 @ 2.67GHz,1195,409.95
Intel Core i3-4120U @ 2.00GHz,1195,
AMD A10-6700T APU,1195,148.51
AMD Phenom II X6 1075T,1194,259.99
Intel Xeon X3360 @ 2.83GHz,1192,157.95
AMD Phenom II X4 B70,1191,
Intel Core2 Quad Q9500 @ 2.83GHz,1190,33.99
Intel Core i7-2677M @ 1.80GHz,1189,
AMD Phenom II X4 B65,1186,
AMD FX-6100 Six-Core,1185,246
AMD A6-9210,1184,
AMD Phenom II X4 965,1184,64.95
AMD Athlon II X2 B28,1184,44.95
Intel Xeon X3450 @ 2.67GHz,1183,130
Intel Core m3-6Y30 @ 0.90GHz,1182,
Intel Core2 Duo E8300 @ 2.83GHz,1180,13.99
Intel Core2 Quad Q9505 @ 2.83GHz,1179,190
Intel Pentium G630T @ 2.30GHz,1178,79.99
AMD A4-4020 APU,1178,43.95
Intel Pentium 4405U @ 2.10GHz,1176,
Intel Xeon E5462 @ 2.80GHz,1175,27.3
Intel Core2 Duo T9900 @ 3.06GHz,1174,398.95
AMD Phenom II X620 Dual-Core,1174,
Intel Xeon E5-2658 @ 2.10GHz,1171,1462
Intel Xeon E5649 @ 2.53GHz,1170,235.49
Intel Xeon E5-2640 v2 @ 2.00GHz,1170,480.68
Intel Pentium B980 @ 2.40GHz,1169,69.95
Intel Xeon X5365 @ 3.00GHz,1169,109.45
AMD Athlon II X3 460,1168,49.99
AMD Phenom X2 Dual-Core GE-7060,1167,
Intel Pentium G3450T @ 2.90GHz,1167,
Intel Pentium G640T @ 2.40GHz,1166,
Intel Core i7-920 @ 2.67GHz,1165,358.95
Intel Core i3-5010U @ 2.10GHz,1165,303.93
AMD Athlon II X4 559,1162,
Intel Core i7-2617M @ 1.50GHz,1162,
Intel Core2 Duo E8335 @ 2.93GHz,1161,
Intel Core2 Extreme X9100 @ 3.06GHz,1161,851
Intel Core i3-2370M @ 2.40GHz,1158,59
Intel Core2 Extreme Q6850 @ 3.00GHz,1158,1495.95
AMD Phenom II X4 B99,1158,
AMD Opteron 6386 SE,1156,2407.51
Intel Core i3-2330E @ 2.20GHz,1155,
Intel Core i5-3439Y @ 1.50GHz,1154,
AMD Athlon II X2 270,1154,99.99
Intel Xeon X3350 @ 2.66GHz,1154,59.99
AMD Phenom II X2 511,1153,
AMD Phenom II X4 B60,1153,
Intel Xeon X3330 @ 2.66GHz,1151,210
AMD A6-5350M APU,1149,43.12
AMD Phenom II X4 977,1148,
AMD Phenom II X2 B59,1145,49.95
Intel Core2 Duo E7400 @ 2.80GHz,1145,157.95
Intel Pentium G6951 @ 2.80GHz,1144,94
AMD A8-8600P,1144,
AMD Opteron 6380,1142,389.86
Intel Celeron G550T @ 2.20GHz,1142,
Intel Core2 Extreme Q6800 @ 2.93GHz,1141,1125
Intel Pentium E6300 @ 2.80GHz,1140,14.95
Intel Core i5-750 @ 2.67GHz,1140,200.5
Intel Celeron 2950M @ 2.00GHz,1139,
Intel Core2 Duo E6850 @ 3.00GHz,1138,65.5
Intel Xeon E5640 @ 2.67GHz,1137,179.95
AMD Phenom II X4 960T,1137,134.99
Intel Pentium G620T @ 2.20GHz,1136,79.99
Intel Core i3-4110U @ 1.90GHz,1136,
Intel Xeon 5160 @ 3.00GHz,1135,14.6
Intel Pentium E5500 @ 2.80GHz,1134,157.95
Intel Xeon E5430 @ 2.66GHz,1134,36
Intel Core2 Quad Q9450 @ 2.66GHz,1133,335.25
Intel Xeon E5540 @ 2.53GHz,1132,28.64
Intel Core i3-4158U @ 2.00GHz,1132,
AMD Athlon II X3 455,1130,89.95
Intel Core i3-6006U @ 2.00GHz,1130,
AMD Phenom II X2 521,1129,
Intel Core2 Quad Q9400 @ 2.66GHz,1128,29.99
Intel Xeon L5430 @ 2.66GHz,1128,157.95
Intel Core i3-2310E @ 2.10GHz,1127,225
AMD Phenom II X3 B77,1126,
Intel Xeon E5-2470 @ 2.30GHz,1125,316.72
Intel Xeon L5639 @ 2.13GHz,1125,
AMD A6-5357M APU,1123,
Intel Xeon X3353 @ 2.66GHz,1123,73.5
Intel Core i5-480M @ 2.67GHz,1123,80.6
Intel Core2 Quad Q8400 @ 2.66GHz,1123,89.5
Intel Core i3-5015U @ 2.10GHz,1122,
AMD A4-4000 APU,1122,54.1
AMD A10-7400P,1120,
Intel Core2 Duo T9800 @ 2.93GHz,1120,423.89
AMD Opteron 2393 SE,1119,
Intel Pentium B970 @ 2.30GHz,1117,50.99
Intel Xeon E5-2650L @ 1.80GHz,1117,79
AMD Phenom II X2 565,1117,124.95
AMD Phenom II X4 850,1116,111.49
Intel Xeon E5-2628L v2 @ 1.90GHz,1116,
AMD Opteron 4284,1116,357.3
AMD Athlon II X2 265,1116,82.88
Intel Xeon E5-2609 v3 @ 1.90GHz,1115,367.28
Intel Xeon E5-2450L @ 1.80GHz,1114,64.99
Intel Pentium G6950 @ 2.80GHz,1113,125
Intel Core2 Duo E8200 @ 2.66GHz,1113,157.95
Intel Xeon E5630 @ 2.53GHz,1113,102.21
Intel Core i3-530 @ 2.93GHz,1113,23
Intel Xeon E5-2420 @ 1.90GHz,1113,390
AMD Phenom II X4 B55,1113,
Intel Core2 Extreme X6800 @ 2.93GHz,1113,263.64
Intel Celeron G540T @ 2.10GHz,1112,
AMD A10-5750M APU,1111,
AMD Phenom II X6 1055T,1110,185
AMD Phenom II X4 955,1110,130.16
Intel Xeon L5640 @ 2.27GHz,1110,145.89
Intel Core i3-2348M @ 2.30GHz,1108,
AMD Phenom II X4 B97,1108,79.95
Intel Core i5-4300Y @ 1.60GHz,1107,
Intel Core2 Duo P9700 @ 2.80GHz,1107,
Intel Core2 Duo E7300 @ 2.66GHz,1107,21.99
Intel Core i5-2557M @ 1.70GHz,1107,
AMD FX-8100 Eight-Core,1106,142
AMD Phenom II X6 1065T,1106,
AMD Athlon X2 280,1102,174.81
AMD A4-9120,1102,
AMD Phenom II X4 840,1099,89.95
Intel Core i5-540M @ 2.53GHz,1099,189.95
AMD Opteron 6376,1098,610
Intel Core i3-5005U @ 2.00GHz,1098,
AMD Phenom II X2 560,1098,109.95
AMD Athlon II X2 B26,1097,59.97
Intel Xeon E5645 @ 2.40GHz,1096,69.12
Intel Core i3-2350M @ 2.30GHz,1096,41.97
Intel Celeron 3765U @ 1.90GHz,1096,
AMD Phenom II X4 B50,1094,
Intel Xeon D-1528 @ 1.90GHz,1094,
Intel Core 860 @ 2.80GHz,1094,309
AMD FX-7500 APU,1093,
Intel Pentium E5400 @ 2.70GHz,1092,157.95
Intel Xeon E5-2418L @ 2.00GHz,1090,
Intel Xeon E5-2407 v2 @ 2.40GHz,1089,476.31
Intel Xeon E5530 @ 2.40GHz,1086,24.74
AMD Phenom II X3 740,1085,88.99
Intel Xeon E5-2651 v2 @ 1.80GHz,1084,
Intel Core2 Duo E8335 @ 2.66GHz,1082,
Intel Core i3-4025U @ 1.90GHz,1082,
AMD Athlon II X2 250e,1080,76.73
Intel Core i7-2610UE @ 1.50GHz,1080,
Intel Core M-5Y51 @ 1.10GHz,1079,
AMD Opteron 4280,1078,456.44
Intel Xeon L3426 @ 1.87GHz,1078,447.01
Intel Core i5-4422E @ 1.80GHz,1078,266
AMD A4-5150M APU,1077,
Intel Core2 Duo T9600 @ 2.80GHz,1077,64.99
Intel Core2 Extreme X9000 @ 2.80GHz,1076,
Intel Core2 Duo E8135 @ 2.66GHz,1076,
AMD Athlon II X2 260,1075,48
Intel Xeon X3320 @ 2.50GHz,1075,229.5
Intel Xeon E5-2450 @ 2.10GHz,1074,722.22
AMD Athlon II X4 645,1074,99.95
Intel Core2 Duo E8235 @ 2.80GHz,1073,
Intel Core i5-460M @ 2.53GHz,1072,74.95
Intel Xeon E5420 @ 2.50GHz,1070,59
AMD Phenom II X6 1045T,1070,175
AMD Phenom II X2 555,1069,299.95
Intel Core i7-940XM @ 2.13GHz,1068,
AMD Phenom II X4 973,1068,
AMD Phenom II X2 550,1067,133.39
Intel Pentium 3805U @ 1.90GHz,1066,
AMD A10-5757M APU,1066,
AMD Opteron 3365,1065,
Intel Pentium B960 @ 2.20GHz,1065,48.99
Intel Core i3-2328M @ 2.20GHz,1065,
AMD Athlon II X4 555,1065,
Intel Core i7-920XM @ 2.00GHz,1064,165.55
Intel Xeon E5-4603 @ 2.00GHz,1063,1890.99
Intel Xeon X3323 @ 2.50GHz,1063,70.99
Intel Core M-5Y31 @ 0.90GHz,1062,
Intel Xeon 3075 @ 2.66GHz,1062,349.95
Intel Core2 Quad Q9300 @ 2.50GHz,1061,24.99
AMD Athlon II X4 650,1061,166.6
AMD Phenom II X3 B75,1061,
Intel Core i5-520M @ 2.40GHz,1060,59.99
Intel Xeon E5-2430L @ 2.00GHz,1060,103.99
Intel Core i3-2330M @ 2.20GHz,1059,49.95
AMD Athlon II X3 450,1059,44.95
Intel Core2 Quad Q8300 @ 2.50GHz,1058,155
Intel Core i7-640LM @ 2.13GHz,1057,
Intel Celeron E3500 @ 2.70GHz,1057,62.01
Intel Xeon E5620 @ 2.40GHz,1056,15.9
AMD Phenom II X6 1405T,1056,
Intel Core2 Duo P8800 @ 2.66GHz,1056,56.99
AMD Opteron 3380,1055,809
AMD Athlon II X4 655,1054,
Intel Xeon 3085 @ 3.00GHz,1054,
Intel Core i5-4220Y @ 1.60GHz,1053,
AMD Athlon II X4 651 Quad-Core,1053,178.04
Intel Core2 Duo T9500 @ 2.60GHz,1052,
AMD A8-6500T APU,1052,
Intel Pentium 3825U @ 1.90GHz,1052,
Intel Core M-5Y10c @ 0.80GHz,1052,281
AMD Phenom II X4 B95,1051,72.95
Intel Pentium E5300 @ 2.60GHz,1050,24.95
Intel Core2 Duo E7200 @ 2.53GHz,1050,157.95
Intel Xeon W3505 @ 2.53GHz,1050,
AMD Phenom II X2 B57,1049,
AMD Athlon II X3 445,1048,91
Intel Xeon L5420 @ 2.50GHz,1046,157.95
AMD Athlon II X2 255,1046,65.22
Intel Core M-5Y10 @ 0.80GHz,1045,
Intel Core2 Duo P9600 @ 2.66GHz,1044,
Intel Core i3-4030U @ 1.90GHz,1044,
AMD A10 PRO-7350B APU,1043,
Intel Xeon X3440 @ 2.53GHz,1042,225
AMD Phenom II X4 B45,1040,
Intel Core i3-2332M @ 2.20GHz,1039,
AMD Phenom II X4 945,1039,287.89
AMD Phenom II X4 840T,1038,79.95
Intel Celeron E3400 @ 2.60GHz,1036,76.47
Intel Celeron 3865U @ 1.80GHz,1036,
AMD Opteron 6287 SE,1036,
AMD Phenom II X4 B40,1036,
Intel Xeon X3230 @ 2.66GHz,1034,359.95
Intel Xeon L5520 @ 2.27GHz,1034,26.7
Intel Core2 Extreme Q9300 @ 2.53GHz,1034,
AMD R-464L APU,1034,
Intel Xeon X5355 @ 2.66GHz,1033,69.18
AMD Phenom II X2 B55,1032,48
AMD Opteron 6276,1031,308.89
AMD A8-7050,1030,
Intel Xeon D-1518 @ 2.20GHz,1030,
Intel Core2 Quad Q6700 @ 2.66GHz,1029,25.99
Intel Core i7-2630UM @ 1.60GHz,1029,
Intel Core i3-2312M @ 2.10GHz,1028,
AMD A8-3870K APU,1028,201.54
Intel Celeron G530T @ 2.00GHz,1026,
AMD Athlon II X4 640,1026,259.95
Intel Xeon 3070 @ 2.66GHz,1024,408.95
AMD Phenom II X4 940,1024,119.99
AMD Phenom II X2 545,1023,49.95
Intel Xeon 5150 @ 2.66GHz,1022,15.99
Intel Xeon E5520 @ 2.27GHz,1022,21.99
Intel Xeon D-1520 @ 2.20GHz,1022,
Intel Xeon L5410 @ 2.33GHz,1021,100.08
AMD Athlon II X2 B24,1020,39.95
Intel Core2 Duo T9550 @ 2.66GHz,1020,298.95
Intel Xeon L5530 @ 2.40GHz,1018,44.8
Intel Core2 Duo P9600 @ 2.53GHz,1017,99
Intel Pentium E5200 @ 2.50GHz,1016,157.95
Quad-Core AMD Opteron 1389,1016,
Intel Celeron G470 @ 2.00GHz,1016,
AMD Phenom II X6 1035T,1015,189
AMD Athlon II X3 440,1015,46.95
Intel Core i5-4200Y @ 1.40GHz,1012,
AMD E2-9010,1011,
Intel Core i5 E 520 @ 2.40GHz,1011,
AMD Athlon II X4 553,1011,
Intel Core2 Duo P9500 @ 2.53GHz,1010,998.99
Intel Core i5-4210Y @ 1.50GHz,1009,
Intel Core i3-2310M @ 2.10GHz,1008,44.99
AMD A8-5557M APU,1006,
AMD Athlon II X2 250,1006,38.95
AMD A10-4600M APU,1006,
Intel Core2 Duo E6750 @ 2.66GHz,1006,61.99
Intel Core i7-840QM @ 1.87GHz,1005,289.97
AMD Athlon II X3 435,1004,39.95
AMD Phenom II X640 Dual-Core,1001,
Intel Xeon E5410 @ 2.33GHz,999,207.01
Intel Core i3-390M @ 2.67GHz,999,38.95
AMD Athlon X4 640,999,
Intel Celeron 1005M @ 1.90GHz,997,
Intel Xeon W3503 @ 2.40GHz,997,64.99
AMD Opteron 6378,996,399
Intel Core2 Duo P8700 @ 2.53GHz,995,37.99
AMD A8-3850 APU,995,199.99
AMD Phenom II X4 B35,995,
Intel Core2 Duo E6700 @ 2.66GHz,994,115.99
Intel Core2 Extreme X7800 @ 2.60GHz,993,
Intel Celeron E3300 @ 2.50GHz,993,11.19
Intel Core2 Duo T9400 @ 2.53GHz,993,69.95
AMD A6-4400M APU,992,39.86
Intel Core2 Quad Q8200 @ 2.33GHz,992,22.99
AMD Athlon X2 250,991,
AMD A4-4300M APU,991,39.86
AMD Athlon II X4 635,991,69.95
AMD A8-5550M APU,991,
Intel Pentium B950 @ 2.10GHz,989,
AMD Athlon X3 435,989,95.49
Intel Pentium 2127U @ 1.90GHz,989,134
Intel Core i5 750S @ 2.40GHz,987,252.01
AMD A8-7200P,984,
Intel Xeon E5-2603 v2 @ 1.80GHz,982,380.82
Intel Pentium B940 @ 2.00GHz,982,29.94
Intel Xeon E5-2609 v4 @ 1.70GHz,982,434
AMD Phenom II X4 820,979,74.95
Intel Core i5-4202Y @ 1.60GHz,977,
Intel Xeon E5-2603 v4 @ 1.70GHz,977,229.99
Intel Core2 Duo E8135 @ 2.40GHz,977,
Intel Core2 Duo T9300 @ 2.50GHz,977,57.99
AMD Phenom II X3 B73,976,75
AMD Phenom II X4 B93,975,
AMD Athlon II X4 641 Quad-Core,975,91.5
Intel Celeron E3200 @ 2.40GHz,975,51.99
AMD Athlon II X2 245,973,34.95
Intel Celeron 3955U @ 2.00GHz,973,
AMD Opteron 2384,972,840
AMD Phenom II X4 925,972,159.99
AMD FX-8140 Eight-Core,972,
AMD E2-9000,971,
Intel Core2 Duo E4700 @ 2.60GHz,971,100
AMD Phenom II X3 720,970,74.99
Intel Core2 Duo SP9400 @ 2.40GHz,970,284
AMD Phenom II N660 Dual-Core,970,99
AMD Athlon 64 X2 Dual Core 6400+,970,259.95
Intel Core i3-3227U @ 1.90GHz,969,
AMD Opteron 4184,969,519.95
AMD A10-7300 APU,969,
AMD A8-7100 APU,969,
Intel Core2 Extreme X7900 @ 2.80GHz,968,
Intel Core i7-820QM @ 1.73GHz,968,139
Intel Core i3-380M @ 2.53GHz,967,49
AMD Athlon II X2 B22,966,21
Intel Xeon X3430 @ 2.40GHz,966,228.88
AMD Phenom II X4 920,964,68.99
Intel Core2 Quad Q9100 @ 2.26GHz,964,385.89
Intel Core2 Duo T7800 @ 2.60GHz,961,607.99
AMD Athlon X2 255,960,
AMD Phenom X2 Dual-Core GP-7730,959,
AMD Athlon II X2 240e,958,34.95
Intel Core i5-450M @ 2.40GHz,957,31.95
AMD Athlon II X4 630,956,62.95
Intel Pentium 3556U @ 1.70GHz,955,
Intel Xeon E5507 @ 2.27GHz,954,456.91
Intel Celeron 1037U @ 1.80GHz,954,
Intel Celeron 3755U @ 1.70GHz,954,
Quad-Core AMD Opteron 1385,954,54
AMD Athlon 7850 Dual-Core,952,209.65
AMD Phenom II X4 830,951,79.95
AMD Athlon II X2 245e,951,80
AMD Opteron 2222,951,1664.98
AMD Athlon 64 FX-74,950,499.5
Intel Core i5-2467M @ 1.60GHz,949,
AMD PRO A4-3350B APU,949,
AMD Athlon X2 240,947,
Intel Core i3-4005U @ 1.70GHz,945,
Intel Xeon E5607 @ 2.27GHz,945,310
AMD Phenom II X2 B53,945,
Intel Core2 Duo P8600 @ 2.40GHz,944,49.18
Intel Pentium 3558U @ 1.70GHz,943,
AMD Embedded G-Series GX-215JJ Radeon R2E,942,
Intel Xeon L5638 @ 2.00GHz,942,69.9
Intel Xeon E5-2603 @ 1.80GHz,942,414.46
AMD Opteron 1222,938,
AMD Athlon X2 240e,938,
AMD Athlon II X2 240,938,34.95
Intel Celeron B840 @ 1.90GHz,938,
AMD Athlon X3 440,937,87.99
Intel Core2 Duo T8300 @ 2.40GHz,937,213.99
AMD A6-3670 APU,937,189.28
Intel Xeon E5-2603 v3 @ 1.60GHz,936,219.95
Intel Celeron 1000M @ 1.80GHz,935,
AMD Athlon II X2 4450e,934,
AMD Athlon II X2 220,933,32.19
Intel Core i3-4010U @ 1.70GHz,933,124.31
AMD Opteron 6212,933,209.5
Intel Xeon X3220 @ 2.40GHz,932,256.07
Intel Core i7-620LM @ 2.00GHz,932,
Intel Celeron 2980U @ 1.60GHz,930,
AMD A4-3420 APU,929,
AMD Phenom II X4 B25,928,
AMD A8-7410 APU,926,
Intel Core i5-3339Y @ 1.50GHz,925,
Intel Xeon L7455 @ 2.13GHz,925,
Intel Core2 Quad Q6600 @ 2.40GHz,924,109.95
AMD Athlon II X4 638 Quad-Core,924,
Intel Xeon L5408 @ 2.13GHz,923,
AMD Athlon II X3 425,922,41.96
Intel Xeon L5630 @ 2.13GHz,922,15.9
Intel Core2 Duo P7570 @ 2.26GHz,921,
AMD Athlon II X2 4400e,920,
AMD Phenom II X4 910e,919,156.99
Intel Atom C3955 @ 2.10GHz,918,434
AMD Turion II Ultra Dual-Core Mobile M640,917,
AMD Athlon X2 215,917,
AMD Phenom II N640 Dual-Core,917,64.95
Intel Core i3-370M @ 2.40GHz,916,39.96
Intel Core i7-740QM @ 1.73GHz,916,109.95
AMD A10-5745M APU,916,
AMD Athlon II X2 235e,915,181.88
Intel Core i3-330E @ 2.13GHz,915,
Intel Xeon 3.80GHz,915,851
AMD Opteron 1381,915,
Intel Xeon E5345 @ 2.33GHz,914,41.28
AMD Opteron 2435,913,120.4
AMD Phenom II N620 Dual-Core,912,39.86
AMD Opteron 4365 EE,911,
AMD A6-7000,910,
AMD A6-7310 APU,909,
AMD Phenom 9850B Quad-Core,909,
AMD Athlon II X2 215,908,11.99
AMD Phenom II X4 910,908,100
AMD Phenom II X3 710,908,84.53
AMD Opteron 8439 SE,908,75
Intel Pentium E2210 @ 2.20GHz,907,
AMD Athlon II X4 620,906,64.95
Intel Pentium A1018 @ 2.10GHz,906,
Intel Celeron 2981U @ 1.60GHz,906,
AMD Phenom II X4 810,906,115.99
Intel Core2 Duo E6600 @ 2.40GHz,906,157.95
AMD Athlon II X2 210e,905,
Intel Pentium 2117U @ 1.80GHz,904,134
AMD Athlon II X4 631 Quad-Core,904,80
AMD A4-3400 APU,904,59.26
Intel Core2 Duo E6540 @ 2.33GHz,903,
Intel Core2 Duo P8400 @ 2.26GHz,903,297.01
Intel Core i3-4030Y @ 1.60GHz,903,
AMD Athlon 7750 Dual-Core,903,148.71
Intel Core i3-3217U @ 1.80GHz,902,347.12
AMD A6-3650 APU,902,149.99
Intel Core2 Duo P9300 @ 2.26GHz,902,
Intel Celeron E1600 @ 2.40GHz,901,
AMD Opteron 6282 SE,901,1089.99
Intel Xeon 5148 @ 2.33GHz,900,39.99
Intel Core i5-430M @ 2.27GHz,900,139.95
AMD Turion II Ultra Dual-Core Mobile M660,899,
AMD Athlon 64 X2 Dual Core 6000+,898,32.5
AMD Phenom 8850 Triple-Core,896,
Intel Pentium E2220 @ 2.40GHz,896,157.95
AMD Athlon Dual Core 5600B,895,
Intel Core2 Duo P7550 @ 2.26GHz,895,229.99
Intel Core i5-560UM @ 1.33GHz,894,
Intel Xeon E5506 @ 2.13GHz,893,69
Intel Celeron 3215U @ 1.70GHz,893,
Intel Xeon 5140 @ 2.33GHz,891,46.99
AMD Opteron 6238,891,1088.11
AMD Phenom 8850B Triple-Core,890,
AMD Sempron 145,889,59.99
AMD Athlon X4 620,889,64.95
AMD Opteron 254,889,
AMD Phenom 9950 Quad-Core,889,179.98
Intel Core2 Duo E4600 @ 2.40GHz,888,157.95
AMD A10-4657M APU,887,
AMD A8-6410 APU,886,
Athlon 64 Dual Core 5600+,886,
AMD Embedded G-Series GX-420GI Radeon R7E,886,
AMD Athlon 64 X2 Dual Core 5800+,885,39.95
AMD Athlon 64 FX-59,885,
AMD Athlon II X2 4300e,884,
Intel Pentium T4500 @ 2.30GHz,882,
Intel Core2 Duo E6550 @ 2.33GHz,882,157.95
AMD Opteron 1220,882,
Intel Xeon E5-2403 @ 1.80GHz,880,389.69
Intel Core i5-2537M @ 1.40GHz,877,
AMD Phenom II X4 905e,877,212.38
Intel Xeon D-1559 @ 1.50GHz,877,
AMD Opteron 2431,877,40
AMD Opteron 290,876,135
Intel Atom C3558 @ 2.20GHz,876,86
AMD GX-424CC SOC,875,
AMD A8-3820 APU,875,124.99
AMD Athlon 5370 APU,873,63.7
Intel Core2 Duo T6670 @ 2.20GHz,873,
AMD Phenom II P650 Dual-Core,873,35
AMD Phenom II X4 B15e,872,
AMD A4 PRO-3340B,872,
Intel Core i7-720QM @ 1.60GHz,872,109.95
AMD Opteron 3280,871,273.18
Intel Celeron 3855U @ 1.60GHz,871,
AMD Sempron X2 190,870,83.44
AMD Phenom II X4 805,870,173.99
Intel Celeron B830 @ 1.80GHz,868,
AMD Athlon II X4 615e,866,59
Intel Xeon E5405 @ 2.00GHz,866,75
AMD Athlon 64 FX-62 Dual Core,865,
Intel Xeon 3065 @ 2.33GHz,864,20.9
AMD Phenom X4 Quad-Core GP-9730,864,
Intel Xeon E5606 @ 2.13GHz,863,65.99
Intel Pentium J4205 @ 1.50GHz,863,
AMD A6-5345M APU,863,
Intel Xeon 5133 @ 2.20GHz,862,
Intel Xeon E7- 2830 @ 2.13GHz,860,1779
AMD Turion II N530 Dual-Core,859,30
Intel Celeron J3355 @ 2.00GHz,858,
AMD A8-3800 APU,857,169.99
AMD A8-4500M APU,856,
AMD A10-4655M APU,856,
AMD Athlon II X3 415e,854,75
AMD A6 PRO-7050B APU,854,
Intel Pentium D 960 @ 3.60GHz,853,
Intel Xeon 3060 @ 2.40GHz,853,157.95
AMD Sempron X2 198 Dual-Core,852,
AMD Opteron 2220,852,1475.16
AMD R-260H APU,851,
AMD A8 PRO-7150B APU,851,
AMD Opteron 3260 HE,850,
AMD Athlon 64 X2 Dual Core 5600+,849,139.95
Intel Pentium P6300 @ 2.27GHz,849,
Intel Xeon E5-2403 v2 @ 1.80GHz,848,222.84
AMD Opteron 2378,847,179
Intel Xeon X3210 @ 2.13GHz,847,149
AMD Phenom 9850 Quad-Core,847,50
AMD Athlon 64 X2 Dual Core 5400+,847,52.99
AMD Athlon 7550 Dual-Core,846,60
Intel Pentium T4400 @ 2.20GHz,846,
AMD Phenom II X4 900e,845,
AMD Phenom II X3 705e,844,152.34
Celeron Dual-Core T3500 @ 2.10GHz,843,
AMD Opteron 6274,843,210
AMD A6-6310 APU,842,
Intel Core2 Quad Q9000 @ 2.00GHz,842,389
Intel Core2 Duo T6600 @ 2.20GHz,842,18.9
Intel Celeron 1017U @ 1.60GHz,841,
AMD Opteron 1356,840,89.99
Intel Xeon 3.73GHz,839,
AMD Sempron 140,839,39.59
AMD A4-3300 APU,838,12.99
Intel Core i3-4012Y @ 1.50GHz,837,
Intel Core2 Duo T7700 @ 2.40GHz,837,46.99
AMD Athlon Dual Core 5400B,836,
Intel Pentium N4200 @ 1.10GHz,835,212.31
AMD Phenom 9750B Quad-Core,835,
AMD A8-5545M APU,835,
Intel Celeron G460 @ 1.80GHz,835,65
Intel Core2 Duo P7450 @ 2.13GHz,833,39.99
Intel Celeron G465 @ 1.90GHz,833,80
AMD Sempron 150,833,44.95
Intel Core i3-4020Y @ 1.50GHz,832,
AMD Athlon II X4 610e,832,69.99
AMD Phenom 9750 Quad-Core,832,59.95
AMD Athlon 64 FX-57,832,
AMD A4-7210 APU,831,
Intel Pentium Extreme Edition 965 @ 3.73GHz,831,
Intel Core2 Duo T8100 @ 2.10GHz,829,999.99
Intel Xeon E3-1220L v3 @ 1.10GHz,829,
Intel Core2 Duo T7600 @ 2.33GHz,828,
Intel Xeon E5-2430 @ 2.20GHz,826,533.22
AMD Turion II P560 Dual-Core,824,
Intel Celeron 3205U @ 1.50GHz,823,287.04
AMD Opteron 154,822,
Intel Core2 Duo T6570 @ 2.10GHz,821,38.5
Intel Core M-5Y10a @ 0.80GHz,821,
Intel Core i3-350M @ 2.27GHz,820,39
Intel Xeon 3050 @ 2.13GHz,820,157.95
Intel Core i7-640UM @ 1.20GHz,820,
Intel Celeron B820 @ 1.70GHz,819,39.29
Intel Core2 Duo P7370 @ 2.00GHz,818,
Intel Core2 Duo E4500 @ 2.20GHz,818,157.95
Intel Celeron P4600 @ 2.00GHz,817,
AMD Athlon Dual Core 5200B,817,
Intel Xeon E5504 @ 2.00GHz,817,27.7
Intel Pentium 4 3.80GHz,816,
AMD Athlon II X4 605e,814,101.8
Intel Pentium P6200 @ 2.13GHz,814,59.99
Intel Xeon E5503 @ 2.00GHz,813,287.01
Intel Pentium T4300 @ 2.10GHz,813,
Intel Core2 Duo T6500 @ 2.10GHz,811,14.99
AMD Phenom 8750 Triple-Core,810,
AMD Athlon 64 X2 Dual Core 5200+,809,53.09
Intel Core2 Duo E6420 @ 2.13GHz,808,157.95
AMD Athlon 5350 APU,807,367
AMD Turion II Dual-Core Mobile M540,807,
AMD Athlon II X3 420e,807,116.15
AMD Phenom FX-5200 Quad-Core,805,
AMD Turion II Ultra Dual-Core Mobile M620,805,
AMD Phenom 8750B Triple-Core,805,
Intel Core i7-680UM @ 1.47GHz,805,
AMD Athlon 7450 Dual-Core,804,
Intel Celeron E1500 @ 2.20GHz,804,63.25
Intel Core2 Duo E6400 @ 2.13GHz,802,157.95
Athlon 64 Dual Core 5000+,802,
Intel Core2 Duo L9600 @ 2.13GHz,802,
AMD Opteron 185,801,
AMD Athlon II N370 Dual-Core,801,
AMD Opteron 1218,801,
Intel Pentium E2200 @ 2.20GHz,800,157.95
Intel Core i7-660UM @ 1.33GHz,800,
Intel Pentium Extreme Edition 955 @ 3.46GHz,800,759
Celeron Dual-Core T3300 @ 2.00GHz,800,
Intel Xeon L5335 @ 2.00GHz,800,38.2
Intel Pentium D 950 @ 3.40GHz,799,
Intel Celeron 2957U @ 1.40GHz,799,
AMD E2-3200 APU,798,7.99
AMD Opteron 2220 SE,798,19
AMD E2-9000e,797,
Intel Pentium 4 3.60GHz,796,
AMD Athlon 64 FX-60 Dual Core,795,
Intel Celeron B815 @ 1.60GHz,793,
Intel Pentium 997 @ 1.60GHz,792,
AMD A6-9220e,792,
AMD Phenom 9600 Quad-Core,790,49.95
AMD Athlon II X3 405e,790,79.99
Intel Xeon 3.60GHz,790,851
AMD Turion II Ultra Dual-Core Mobile M600,790,24
AMD Phenom 9650 Quad-Core,790,54.95
Mobile Intel Pentium 4 3.33GHz,789,
AMD A6-3620 APU,789,59.99
AMD Phenom II X3 700e,789,
Intel Celeron 2955U @ 1.40GHz,788,
Intel Pentium P6100 @ 2.00GHz,788,12
AMD Phenom 9600B Quad-Core,787,147.19
Intel Celeron 3965Y @ 1.50GHz,787,107
AMD A4-6250J APU,786,
Intel Core2 Duo P7350 @ 2.00GHz,786,19.99
AMD Athlon 1640B,785,50
Intel Xeon E5335 @ 2.00GHz,785,309
Intel Celeron B810 @ 1.60GHz,784,
AMD Phenom 8650 Triple-Core,784,49.99
AMD Athlon Dual Core 5050e,784,60
Intel Pentium 4405Y @ 1.50GHz,783,
AMD Athlon Dual Core 5000B,783,95
AMD Opteron 285,783,
AMD Athlon 64 X2 Dual Core 5000+,782,331.49
Intel Celeron 900 @ 2.20GHz,782,28.99
AMD Turion II N550 Dual-Core,781,
AMD Opteron 6174,781,209.98
AMD A6-5200 APU,778,
AMD Opteron 2356,778,14.95
Intel Xeon E5502 @ 1.87GHz,778,95
AMD Turion II P540 Dual-Core,777,49.96
HP Hexa-Core 2.0GHz,776,504.27
Intel Celeron J3455 @ 1.50GHz,776,232.91
Intel Pentium T4200 @ 2.00GHz,775,12
Intel Core2 Duo T6400 @ 2.00GHz,775,14.99
AMD Opteron 3320 EE,774,
Intel Xeon 5130 @ 2.00GHz,772,38.4
AMD Phenom 8600 Triple-Core,769,52.99
Intel Core2 Duo T7500 @ 2.20GHz,768,42.99
Intel Celeron 1007U @ 1.50GHz,767,184.99
AMD Athlon 64 FX-55,767,179.95
Celeron Dual-Core T3100 @ 1.90GHz,766,
AMD Phenom II X920 Quad-Core,765,
Athlon Dual Core 4850e,765,
AMD A6-4455M APU,765,
Intel Celeron N3350 @ 1.10GHz,764,
AMD Opteron 1354,763,309.97
AMD Phenom II N830 3+1,763,
AMD Athlon X3 455,763,
Intel Celeron P4505 @ 1.87GHz,762,
AMD A10 Micro-6700T APU,762,
AMD GX-222GC SOC,761,
AMD Turion II P520 Dual-Core,760,
AMD Phenom 8600B Triple-Core,760,52.99
AMD Athlon Dual Core 4850B,759,
AMD Phenom 9450e Quad-Core,759,105
AMD Phenom 9550 Quad-Core,758,39.95
Intel Pentium D 940 @ 3.20GHz,758,
AMD Opteron 1352,758,135.99
Intel Core2 Duo T5900 @ 2.20GHz,757,
AMD A6-3600 APU,757,22.99
Intel Xeon 3.20GHz,757,
Intel Core2 Duo SL9400 @ 1.86GHz,756,253
AMD Opteron 6234,756,399.99
AMD Opteron 280,756,796.67
AMD Phenom 9500 Quad-Core,756,89.96
Intel Xeon E5205 @ 1.86GHz,756,9.42
AMD Opteron 2218,755,32.42
Intel Core2 Duo T7400 @ 2.16GHz,755,
AMD Athlon II P360 Dual-Core,755,20
AMD Opteron 6366 HE,755,1010
AMD Athlon II X3 400e,754,107.43
Intel Core i3-330M @ 2.13GHz,753,48.56
Intel Core i5-540UM @ 1.20GHz,752,
Intel Core2 Duo T5850 @ 2.16GHz,752,15.9
AMD Athlon Dual Core 4850e,752,39
Intel Xeon E7320 @ 2.13GHz,751,
Intel Celeron G440 @ 1.60GHz,750,125
Intel Pentium 4 3.40GHz,750,
AMD Opteron 152,749,
AMD Athlon 64 X2 Dual Core 4800+,749,459.95
AMD Athlon LE-1660,749,
AMD A6-3500 APU,748,82.25
Dual-Core AMD Opteron 1220 SE,748,
Intel Xeon E5-2407 @ 2.20GHz,748,58
Intel Celeron 925 @ 2.30GHz,747,
AMD Athlon 5000 Dual-Core,747,99.95
Intel Pentium 4410Y @ 1.50GHz,745,161
Intel Xeon 3.40GHz,743,
Intel Celeron D 360 @ 3.46GHz,743,
Intel Pentium T3400 @ 2.16GHz,742,14
AMD Turion II Dual-Core Mobile M500,741,
Intel Xeon 3040 @ 1.86GHz,741,25.04
AMD Phenom X3 8550,741,169.95
AMD Turion II Dual-Core Mobile M520,739,69.1
AMD Athlon 5200 Dual-Core,739,90.33
AMD A8-3550MX APU,737,
AMD Opteron 2373 EE,737,
Intel Core2 Duo E4400 @ 2.00GHz,736,157.95
Intel Celeron B800 @ 1.50GHz,734,
AMD Athlon 64 3300+,734,
AMD Opteron 180,733,129.95
Intel Celeron 450 @ 2.20GHz,733,
AMD Athlon II N350 Dual-Core,732,
AMD R-460L APU,732,
Celeron Dual-Core T3000 @ 1.80GHz,731,
AMD V160,728,
AMD Phenom II N850 Triple-Core,727,25
Intel Pentium E2180 @ 2.00GHz,727,26.2
AMD Athlon 64 X2 Dual Core 4600+,726,359.95
AMD Phenom II N870 Triple-Core,725,
Intel Core i3-2377M @ 1.50GHz,725,
Intel Core2 Duo T5870 @ 2.00GHz,725,
AMD Opteron 150,725,
Intel Core Duo T2700 @ 2.33GHz,725,
Intel Celeron N3450 @ 1.10GHz,723,168.25
AMD Phenom II N970 Quad-Core,723,149.99
Intel Xeon 5120 @ 1.86GHz,721,1683.98
Intel Xeon E5320 @ 1.86GHz,721,157.95
AMD Turion 64 Mobile ML-44,721,
Mobile Intel Pentium 4 3.20GHz,721,
AMD Turion II Neo N54L Dual-Core,720,
Intel Celeron 887 @ 1.50GHz,720,
AMD Phenom 8450 Triple-Core,720,29.95
AMD Opteron 1216,719,54.85
Intel Core i3-2375M @ 1.50GHz,719,
AMD Phenom II N950 Quad-Core,719,112.6
AMD Athlon II X4 600e,717,130.23
AMD A8-4555M APU,717,
AMD Phenom 8400 Triple-Core,716,
AMD Athlon LE-1640,714,
AMD Sempron 130,714,24.99
Intel Celeron 877 @ 1.40GHz,713,
Intel Core2 Duo T7300 @ 2.00GHz,713,30.99
AMD Phenom FX-5000 Quad-Core,712,
AMD Athlon II N330 Dual-Core,712,
AMD GX-420CA SOC,712,
Mobile AMD Athlon 64 4000+,711,
Intel Core2 Duo T7250 @ 2.00GHz,711,201.48
Intel Atom E3950 @ 1.60GHz,709,
Intel Celeron D 356 @ 3.33GHz,708,
AMD Athlon II P340 Dual-Core,707,44.95
AMD Phenom 8450e Triple-Core,707,
AMD Turion X2 Ultra Dual-Core Mobile ZM-87,706,39.95
AMD Opteron 1216 HE,705,
Intel Celeron 827E @ 1.40GHz,704,
AMD GX-218GL SOC,704,
Intel Core i3-3217UE @ 1.60GHz,703,
Intel Pentium 4 3.73GHz,702,
AMD Athlon X3 425,701,
AMD Athlon II X2 270u,701,67.67
Intel Core2 Duo E6320 @ 1.86GHz,701,157.95
AMD Turion 64 Mobile ML-42,700,
Intel Core2 Duo T7200 @ 2.00GHz,700,99.95
AMD A6 Micro-6500T APU,700,
Intel Pentium P6000 @ 1.87GHz,699,
AMD A4-3310MX APU,698,
Intel Pentium D 830 @ 3.00GHz,698,
Intel Celeron P4500 @ 1.87GHz,697,
Intel Pentium 987 @ 1.50GHz,697,
AMD E2-7110 APU,697,
AMD A8-3530MX APU,696,
Intel Celeron 807 @ 1.50GHz,696,
AMD V140,696,13
AMD Opteron 6272,695,325
Intel Core i3-3229Y @ 1.40GHz,695,
Intel Celeron E1400 @ 2.00GHz,695,57.01
Intel Pentium 4 3.20GHz,695,
Intel Core2 Duo E6300 @ 1.86GHz,694,157.95
Intel Core i3-4010Y @ 1.30GHz,694,
Intel Celeron D 352 @ 3.20GHz,693,
AMD A4-4355M APU,692,
AMD Athlon 64 X2 Dual Core 4400+,692,60
AMD A8-3510MX APU,691,
AMD A4-6210 APU,691,
AMD Athlon X2 Dual Core BE-2400,691,
AMD Opteron 6128,691,235
Intel Core i3-2340UE @ 1.30GHz,689,
AMD Athlon Dual Core 4450B,689,31
Intel Core2 Duo T5750 @ 2.00GHz,688,9.99
Intel Pentium T2410 @ 2.00GHz,687,
AMD Turion 64 X2 Mobile TL-68,687,90
AMD Opteron 275,685,109.95
AMD Opteron 1214,684,290
AMD Opteron 175,683,
Intel Xeon E5-2430L v2 @ 2.40GHz,683,
AMD Opteron 148,682,
Intel Core i3-2367M @ 1.40GHz,681,
AMD Sempron X2 180,680,69.4
AMD A4-3305M APU,679,30
Intel Core i3-2365M @ 1.40GHz,679,
Intel Pentium T3200 @ 2.00GHz,679,12
AMD Athlon II Dual-Core M340,679,
Intel Celeron @ 1.30GHz,679,
AMD Phenom II N830 Triple-Core,679,
AMD A4-3330MX APU,677,
Intel Core2 Duo T5800 @ 2.00GHz,677,
Intel T2050 @ 2.00GHz,677,
AMD Athlon II P320 Dual-Core,676,29.95
AMD Athlon 64 4000+,676,197.95
Intel Xeon E5603 @ 1.60GHz,675,129.04
AMD Athlon LE-1620,675,18
AMD Athlon 2800+,675,49.99
AMD Opteron 1214 HE,674,
AMD Athlon 64 3800+,674,139.95
AMD Phenom 9350e Quad-Core,672,3382.07
AMD Athlon II Dual-Core M320,671,30
Intel Celeron 560 @ 2.13GHz,670,79.95
Intel Pentium 4 3.46GHz,669,
Intel Celeron 570 @ 2.26GHz,668,
Intel Core2 Duo U9600 @ 1.60GHz,668,
Intel Core2 Duo E4300 @ 1.80GHz,668,157.95
AMD Athlon 64 X2 Dual Core 4200+,667,179.95
AMD Athlon Dual Core 4450e,666,
AMD Turion X2 Ultra Dual-Core Mobile ZM-85,665,45
AMD Phenom X4 Quad-Core GP-9600,665,
Mobile AMD Athlon 64 3400+,665,
AMD Turion 64 X2 Mobile TL-66,665,378
Intel Pentium 3560Y @ 1.20GHz,664,
AMD Athlon XP 3200+,664,
Intel Core Duo T2600 @ 2.16GHz,664,
Intel Celeron 440 @ 2.00GHz,664,79.95
AMD Athlon XP 3100+,663,
AMD V120,662,
Intel Celeron 3.33GHz,661,
Intel Celeron 3.20GHz,659,
AMD A4-3320M APU,658,31
AMD Turion X2 Dual-Core Mobile RM-77,658,
AMD Athlon 64 3700+,657,69
Intel Pentium E2160 @ 1.80GHz,657,35
Intel Pentium 4 3.06GHz,655,
Intel Celeron 867 @ 1.30GHz,655,
Intel T1500 @ 1.86GHz,653,
Mobile Intel Pentium 4 2.66GHz,653,
AMD Athlon 64 3400+,653,
Intel Core2 Duo T5600 @ 1.83GHz,652,
AMD A6-3430MX APU,652,
Intel Pentium D 915 @ 2.80GHz,651,
Mobile Intel Pentium 4 3.06GHz,650,
Intel Core2 Duo T5550 @ 1.83GHz,650,
Intel Pentium 4 3.00GHz,650,
AMD Sempron 3800+,650,21
Intel Celeron 2961Y @ 1.10GHz,649,
AMD Turion 64 Mobile ML-40,649,
Intel Core2 Duo L9300 @ 1.60GHz,649,
Intel Core2 Duo T5670 @ 1.80GHz,648,
Intel Core2 Duo T7100 @ 1.80GHz,648,21.99
AMD Athlon 64 X2 3800+,647,
Intel Pentium M 2.13GHz,646,
Intel Pentium T2390 @ 1.86GHz,645,
AMD Phenom II P860 Triple-Core,645,
Intel T1400 @ 1.73GHz,645,
AMD Phenom II N930 Quad-Core,644,99.86
AMD Turion 64 X2 Mobile TL-64,644,39.39
Intel Pentium 967 @ 1.30GHz,643,
AMD Athlon X2 Dual Core BE-2350,641,
AMD Athlon Dual Core 4050e,641,
AMD Phenom II X940 Quad-Core,641,
Intel Xeon L5310 @ 1.60GHz,641,112.5
AMD Athlon II Dual-Core M300,640,
Intel Celeron 3.06GHz,640,
AMD Turion II Neo K685 Dual-Core,639,
Intel Xeon E5310 @ 1.60GHz,639,259.95
AMD A8-3520M APU,638,
Intel Pentium 957 @ 1.20GHz,637,134
AMD Athlon LE-1600,637,21
AMD Athlon64 X2 Dual Core 4200+,637,
Intel Pentium M 2.26GHz,636,
AMD Phenom 8250 Triple-Core,635,
Intel Celeron 857 @ 1.20GHz,635,
AMD Turion X2 Ultra Dual-Core Mobile ZM-84,634,12.84
AMD Athlon II 170u,634,29.95
AMD Athlon 5150 APU,633,108
Athlon Dual Core 4050e,633,
Intel Pentium 4 2.60GHz,633,
Intel Celeron 2.93GHz,633,
Intel Core i3-2357M @ 1.30GHz,632,
AMD Athlon 64 X2 Dual Core BE-2350,632,
Intel Celeron M 450 @ 2.00GHz,631,
AMD Athlon XP 2900+,631,
AMD GX-217GA SOC,631,
Intel Pentium 4 2.80GHz,630,
AMD Athlon 64 X2 Dual Core 4000+,630,
AMD Sempron LE-1300,630,15
AMD E2-3000 APU,628,
Intel Pentium 4 2.93GHz,628,
Intel Core i5-520UM @ 1.07GHz,628,
AMD Turion X2 Ultra Dual-Core Mobile ZM-86,628,55
AMD Sempron M120,627,
AMD Athlon XP 2800+,626,
AMD A4-3300M APU,625,29.99
Intel Celeron 2.50GHz,625,
AMD Phenom II P840 Triple-Core,625,
AMD Phenom 9100e Quad-Core,625,39.95
AMD TurionX2 Ultra DualCore Mobile ZM-85,625,
AMD Turion 64 X2 Mobile TL-62,622,311
AMD Sempron Dual Core 2300,622,41.99
Intel Core Duo T2500 @ 2.00GHz,622,119.99
AMD Phenom 8250e Triple-Core,621,46.99
Intel Pentium D 805 @ 2.66GHz,620,
AMD Opteron 170,620,
AMD Athlon 64 3500+,620,100.95
Intel Celeron 550 @ 2.00GHz,620,13
AMD Phenom X4 Quad-Core GP-9500,619,
AMD Phenom 9150e Quad-Core,619,39.95
Intel Xeon 5110 @ 1.60GHz,619,159.95
Intel Celeron 540 @ 1.86GHz,619,
AMD A4-5100 APU,619,
AMD Opteron 146,616,59.99
AMD Turion 64 Mobile MK-38,615,
AMD A4-5050 APU,615,
AMD Opteron 6164 HE,614,
AMD Sempron M100,614,12
Intel Core Duo T2450 @ 2.00GHz,613,
AMD Athlon XP 2700+,612,84.79
Intel Celeron D 347 @ 3.06GHz,612,
AMD Athlon64 X2 Dual Core 3800+,611,
AMD Athlon II X2 260u,611,83.44
Mobile Intel Pentium 4 2.80GHz,610,
AMD Athlon 64 X2 Dual Core 3800+,609,
AMD Sempron LE-1200,609,
AMD Athlon XP 3000+,609,78
Intel Pentium 4 2.53GHz,608,
Intel Pentium 4 2.66GHz,608,
Intel Xeon 3.00GHz,607,
AMD Phenom II P960 Quad-Core,606,28
AMD Turion X2 Dual-Core Mobile RM-75,606,
AMD Sempron 3300+,606,30
Intel Core2 Duo T5300 @ 1.73GHz,605,
AMD Athlon64 X2 Dual Core 4600+,604,
Intel Core i5-430UM @ 1.20GHz,603,
Intel Celeron T1600 @ 1.66GHz,602,19.99
Intel Xeon L3406 @ 2.27GHz,602,277.01
Intel Core2 Duo L7800 @ 2.00GHz,602,
Intel Celeron 430 @ 1.80GHz,602,40.33
AMD Sempron LE-1250,601,79.95
Intel Celeron 2.80GHz,600,
Intel Xeon X6550 @ 2.00GHz,600,
Intel Celeron 2.60GHz,600,
AMD Turion X2 Dual-Core Mobile RM-72,599,224.26
Intel Atom x7-Z8750 @ 1.60GHz,598,
Intel Core i5-470UM @ 1.33GHz,598,
AMD E2-3000M APU,597,20
Intel Celeron D 420 @ 1.60GHz,597,
Intel Pentium J3710 @ 1.60GHz,597,
AMD Phenom II P820 Triple-Core,596,
Intel Atom C2550 @ 2.40GHz,596,
Intel Xeon 2.40GHz,595,9.1
Intel Pentium J2900 @ 2.41GHz,594,
AMD Opteron 2427,594,95.14
Intel Celeron 2.70GHz,594,
AMD Athlon 64 X2 Dual Core 3600+,593,60
Intel Pentium 4 2.50GHz,592,
Mobile AMD Athlon XP-M 2800+,592,
AMD A6-3420M APU,591,
Intel Xeon 2.80GHz,590,
Intel Core2 Duo T5500 @ 1.66GHz,590,
AMD Turion 64 X2 Mobile TL-60,590,18.05
Intel Core i7-620UM @ 1.07GHz,589,
AMD A6-3410MX APU,589,29.99
AMD Turion X2 Ultra Dual-Core Mobile ZM-82,588,
AMD Opteron 4162 EE,587,
AMD GX-415GA SOC,586,
Intel Pentium E2140 @ 1.60GHz,586,157.95
AMD A4 Micro-6400T APU,585,
AMD A4-5000 APU,585,
AMD Athlon 64 X2 Dual Core BE-2300,585,
AMD Athlon 64 X2 QL-65,585,
AMD Athlon XP 2600+,584,23.03
Intel Pentium M 2.00GHz,584,
AMD Turion 64 Mobile MT-37,584,
AMD Athlon 64 X2 QL-64,584,
Intel Pentium N3540 @ 2.16GHz,582,250.87
Intel Atom C2750 @ 2.40GHz,582,232
Intel Core Solo T1400 @ 1.83GHz,581,
AMD Turion X2 Dual Core Mobile RM-76,581,
Intel Xeon L5320 @ 1.86GHz,580,69.99
Intel Core2 Duo T5470 @ 1.60GHz,580,
Intel Core2 Duo SU9400 @ 1.40GHz,579,
AMD Opteron 144,579,65
AMD Sempron Dual Core 2200,579,
Intel Celeron E1200 @ 1.60GHz,578,62.01
Intel Celeron 2.66GHz,578,
Mobile AMD Athlon XP-M 2600+,578,
Intel Core2 Duo L7500 @ 1.60GHz,577,
AMD Athlon 64 3200+,577,149.95
AMD Athlon XP 2400+,576,89.99
Intel Pentium T2370 @ 1.73GHz,576,35
AMD E2-6110 APU,576,
Intel Core2 Duo T5450 @ 1.66GHz,574,
Intel Core2 Duo L7700 @ 1.80GHz,574,
Mobile AMD Sempron 3300+,574,
AMD Turion X2 Dual-Core Mobile RM-74,574,24.95
Intel Pentium N3710 @ 1.60GHz,573,
Mobile AMD Athlon 64 3200+,573,
Mobile AMD Sempron 3800+,573,
Intel Celeron 530 @ 1.73GHz,571,23
AMD TurionX2 Dual Core Mobile RM-70,571,
Intel Celeron M 530 @ 1.73GHz,570,
Athlon 64 Dual Core 3800+,570,
AMD Athlon 64 X2 QL-62,570,
Intel Celeron M 440 @ 1.86GHz,570,
AMD Athlon II 160u,568,29.99
Intel Core Duo T2400 @ 1.83GHz,567,16
AMD Athlon X2 Dual Core BE-2300,567,
AMD Athlon 64 X2 Dual-Core TK-57,567,
AMD Sempron 3600+,567,12
AMD Turion X2 Ultra Dual-Core Mobile ZM-80,565,14
Intel Pentium T2330 @ 1.60GHz,564,
Intel Pentium 4 2.40GHz,561,
Intel Pentium T2130 @ 1.86GHz,561,
Mobile AMD Athlon XP-M 3000+,561,
Mobile AMD Athlon 2500+,561,
AMD Athlon II Neo K145,561,
AMD TurionX2 Dual Core Mobile RM-72,560,
Intel Core Duo T2350 @ 1.86GHz,559,
Intel Celeron 2.30GHz,559,
AMD Turion 64 X2 Mobile TL-58,559,
Mobile AMD Athlon XP-M 2200+,559,
Intel Celeron 2.53GHz,558,
AMD Sempron LE-1150,557,
AMD Sempron Dual Core 2100,557,39
Intel Atom x5-E3930 @ 1.30GHz,557,
Intel Atom x5-Z8550 @ 1.44GHz,557,
AMD Athlon X2 Dual Core 6850e,556,
AMD A8-3500M APU,554,69.95
AMD Athlon Neo X2 Dual Core 6850e,554,
AMD Opteron 165,554,610
AMD Athlon 64 X2 Dual Core TK-55,554,57.74
AMD Athlon II X2 250u,554,39.95
Intel Celeron J1750 @ 2.41GHz,554,
Mobile Intel Celeron 2.40GHz,553,
AMD Opteron 1212,553,290
AMD E1 Micro-6200T APU,552,
Intel Celeron N2840 @ 2.16GHz,552,
AMD Turion X2 Dual-Core Mobile RM-70,552,
Intel Atom x7-Z8700 @ 1.60GHz,552,73.63
Intel Celeron J1800 @ 2.41GHz,552,
Mobile AMD Athlon 4 2400+,551,
AMD Athlon 64 X2 QL-66,551,
Intel Atom C2558 @ 2.40GHz,551,136
Intel Pentium U5600 @ 1.33GHz,550,
Intel Pentium 2129Y @ 1.10GHz,550,134
Intel Pentium M 1.86GHz,549,
AMD Turion Dual-Core RM-70,548,15
Intel Pentium J2850 @ 2.41GHz,548,
Intel Pentium N3530 @ 2.16GHz,548,
AMD Athlon 64 3000+,548,50
Intel Pentium N3700 @ 1.60GHz,547,444.78
Intel Core Duo T2250 @ 1.73GHz,547,
Mobile AMD Athlon XP-M 2400+,546,
Mobile Intel Celeron 2.20GHz,546,
Mobile AMD Athlon XP-M 2500+,546,
Intel Celeron 847E @ 1.10GHz,545,
AMD Turion 64 Mobile MK-36,544,
AMD Turion 64 Mobile ML-37,544,196.5
Intel Pentium M 2.10GHz,544,
AMD Athlon XP 2500+,544,
Intel Celeron 420 @ 1.60GHz,543,34.78
AMD Turion Dual-Core RM-74,542,
AMD E1-7010 APU,542,
Intel Celeron M 520 @ 1.60GHz,542,
Intel Celeron N3060 @ 1.60GHz,541,
Intel XEON 2.20GHz,540,
Intel Celeron 2.40GHz,540,
AMD Sempron 2650 APU,540,50.9
AMD Sempron 3100+,540,60
Intel Core2 Duo T5200 @ 1.60GHz,540,
AMD A6-3400M APU,539,29
Intel Celeron J3060 @ 1.60GHz,539,
Intel Celeron 847 @ 1.10GHz,539,315
Intel Pentium 4 2.26GHz,538,
Intel Celeron 2.20GHz,538,
AMD Athlon 64 X2 QL-60,537,
Intel Pentium T2080 @ 1.73GHz,537,159.95
Intel Core2 Duo L7400 @ 1.50GHz,537,
AMD Sempron SI-40,536,12
Intel Celeron J1900 @ 1.99GHz,536,
AMD Athlon 64 X2 Dual-Core TK-55,535,72.74
AMD Turion 64 X2 Mobile TL-56,535,20
Mobile AMD Sempron 3100+,534,
AMD Opteron 6136,534,359
AMD Turion 64 Mobile MT-32,533,
AMD Athlon 64 X2 Dual Core 3400+,532,
Intel Celeron M 1.70GHz,532,
Intel Pentium M 1700MHz,529,
AMD Sempron SI-42,529,12
Intel Core Duo T2300 @ 1.66GHz,527,
VIA QuadCore C4650@2.0GHz,527,
AMD Sempron LE-1100,525,
Intel Core2 Duo T5270 @ 1.40GHz,525,
Mobile AMD Sempron 3600+,524,
AMD E1-6015 APU,523,
Intel Celeron J3160 @ 1.60GHz,523,
Intel Core2 Duo T5250 @ 1.50GHz,522,
AMD Sempron 3400+,522,14
Intel Core2 Duo L7300 @ 1.40GHz,521,
Intel Core2 Duo U7300 @ 1.30GHz,521,
Intel Celeron 1047UE @ 1.40GHz,520,
Intel Core i3-380UM @ 1.33GHz,519,
Intel Pentium M 1.70GHz,519,
Intel Core Duo L2400 @ 1.66GHz,519,
Intel Core Solo T1300 @ 1.66GHz,519,
Intel Pentium M 1.80GHz,518,
Intel Pentium SU4100 @ 1.30GHz,518,
Intel Atom Z3795 @ 1.60GHz,518,
Intel Celeron 2.26GHz,517,
Intel Pentium M 1.73GHz,517,
Intel Core2 Solo U3500 @ 1.40GHz,516,
Intel Core Solo T1350 @ 1.86GHz,515,
AMD Athlon 64 X2 Dual-Core TK-53,515,
AMD E1-2500 APU,515,
Intel Pentium N3520 @ 2.16GHz,515,
AMD Athlon XP 2200+,515,84.95
Intel Celeron 1019Y @ 1.00GHz,514,
AMD Sempron 3000+,514,49.95
Mobile Intel Pentium 4 - M 2.20GHz,513,
Intel Pentium T2060 @ 1.60GHz,513,
Intel Atom C2758 @ 2.40GHz,513,214.86
AMD Sempron 3850 APU,513,40.98
Intel Celeron N3010 @ 1.04GHz,512,
AMD Athlon 64 2800+,512,99.99
Intel Celeron N2830 @ 2.16GHz,511,
AMD Phenom II P920 Quad-Core,511,75
AMD Turion X2 Dual Core L510,511,
Intel Celeron N2820 @ 2.13GHz,510,190
AMD QC-4000,508,
AMD Turion II Neo K625 Dual-Core,508,
AMD Turion 64 Mobile ML-34,506,
AMD E2-3800 APU,505,
Intel Celeron M 430 @ 1.73GHz,505,
AMD Turion 64 Mobile ML-32,504,
AMD Turion 64 Mobile MT-34,504,
Intel Atom x5-Z8500 @ 1.44GHz,503,62.57
AMD Athlon XP 2100+,503,
AMD A6-1450 APU,502,
Intel Celeron N3160 @ 1.60GHz,501,292.22
AMD Athlon II Neo K125,500,
Intel Celeron N2940 @ 1.83GHz,500,
AMD Turion II Neo N40L Dual-Core,500,
Mobile Intel Pentium 4 - M 2.00GHz,500,
Intel Pentium 4 2.20GHz,499,
Intel Pentium T2310 @ 1.46GHz,499,
Mobile AMD Athlon 64 3700+,498,
AMD Turion Dual-Core RM-72,497,38
AMD Phenom II P940 Quad-Core,497,
Intel Core Duo L2500 @ 1.83GHz,494,
Intel Core2 Duo U9300 @ 1.20GHz,493,
AMD Sempron 2400+,493,27
Intel Core Duo T2050 @ 1.60GHz,491,
AMD Athlon 2850e,491,
Intel Core Duo L2300 @ 1.50GHz,490,
Intel Atom Z3775 @ 1.46GHz,489,35
Mobile Intel Pentium 4 - M 2.40GHz,488,
Mobile AMD Sempron 3500+,488,
Mobile AMD Sempron 3000+,487,
Intel Celeron N2808 @ 1.58GHz,487,
Intel Celeron 215 @ 1.33GHz,487,
AMD Sempron 2800+,486,52.36
Intel Celeron SU2300 @ 1.20GHz,486,
AMD Sempron 3200+,486,13
Intel Celeron M 1.60GHz,486,
Intel Celeron 743 @ 1.30GHz,486,
Intel Pentium M 1500MHz,486,
Mobile AMD Sempron 2600+,486,
AMD Turion 64 Mobile ML-30,485,
Mobile AMD Athlon MP-M 2400+,484,
AMD E1-6010 APU,483,
Mobile AMD Sempron 3400+,483,
AMD Sempron 2300+,483,45
Intel Celeron M 723 @ 1.20GHz,483,
AMD Turion 64 Mobile ML-28,482,
AMD Athlon 64 X2 Dual Core TK-53,480,34.95
AMD Athlon XP 1900+,480,
Intel Celeron U3600 @ 1.20GHz,479,
Intel Celeron N3000 @ 1.04GHz,479,
AMD Athlon XP 2000+,479,24.99
AMD Sempron 3500+,479,20
Intel Pentium U5400 @ 1.20GHz,478,
Intel Pentium M 1600MHz,478,
Intel Pentium 4 Mobile 2.00GHz,477,
Intel Core i5-4400E @ 2.70GHz,476,
AMD Turion Dual-Core RM-75,474,27.46
AMD GX-412HC,473,
Intel Atom Z3770 @ 1.46GHz,473,149.44
Intel Celeron 2.13GHz,473,
AMD Athlon II Neo K345 Dual-Core,473,
AMD Turion 64 X2 Mobile TL-52,472,
Intel Celeron N3150 @ 1.60GHz,471,
AMD Sempron 2600+,470,29.95
AMD Athlon 64 X2 Dual-Core TK-42,470,
AMD Athlon 64 X2 QL-67,470,
Intel Celeron N3050 @ 1.60GHz,469,299.99
Intel Celeron 723 @ 1.20GHz,469,
Intel Celeron N2930 @ 1.83GHz,466,
AMD Turion 64 X2 Mobile TL-50,466,49.99
Intel Celeron M 420 @ 1.60GHz,465,
Intel Celeron 2.00GHz,464,
Intel Pentium 4 2.00GHz,464,
AMD Turion Neo X2 Dual Core L625,464,
Mobile AMD Athlon XP-M 2000+,463,
AMD Athlon 2650e,462,19
AMD Athlon XP 1800+,462,58.95
AMD E2-2000 APU,462,
Intel Pentium M 1.60GHz,462,
Intel Atom x5-E8000 @ 1.04GHz,460,
Intel Celeron U1900 @ 1.99GHz,460,
AMD Turion X2 Dual Core Mobile RM-70,460,132.56
Intel Pentium M 1.50GHz,459,
AMD Sempron 2500+,458,79.95
Intel Core2 Duo L7100 @ 1.20GHz,457,
AMD Athlon Neo X2 Dual Core L335,456,
Mobile AMD Sempron 2800+,453,
Intel Celeron N2815 @ 1.86GHz,453,
Intel Core i3-330UM @ 1.20GHz,452,
AMD Turion 64 Mobile MT-30,452,
Intel Celeron M 1.50GHz,451,
Mobile Intel Pentium 4 - M 1.80GHz,451,
AMD Athlon Neo X2 Dual Core L325,451,
Intel Pentium SU2700 @ 1.30GHz,449,
Intel Pentium 4 1.90GHz,449,
AMD Athlon 64 2600+,449,
Intel Atom C2358 @ 1.74GHz,448,
VIA Eden X4 C4250 @ 1.2+GHz,448,
Intel Pentium 4 1800MHz,448,
Intel Atom C2750 @ 2.41GHz,448,
Intel Xeon MV 3.20GHz,447,
Intel Core2 Duo U7700 @ 1.33GHz,447,
AMD E2-1800 APU,447,
Mobile Intel Celeron 2.00GHz,446,
Intel Celeron J1850 @ 1.99GHz,446,
AMD G-T56N,446,
Intel Celeron N2807 @ 1.58GHz,446,
Intel Celeron M 1500MHz,445,
AMD Athlon X2 Dual Core 3250e,445,
AMD Sempron 210U,445,
AMD G-T56E,441,
AMD Athlon Neo MV-40,436,
Intel Atom Z3775D @ 1.49GHz,434,
Intel Pentium 4 Mobile 1.90GHz,434,
Intel Pentium M 1400MHz,433,
Intel Celeron N2920 @ 1.86GHz,433,
AMD Athlon II Neo K325 Dual-Core,432,25.99
Mobile Intel Celeron 1.80GHz,431,
AMD E-450 APU,430,
Intel Core2 Duo U7600 @ 1.20GHz,430,
Intel Pentium N3510 @ 1.99GHz,429,
AMD Athlon TF-20,429,
Intel Pentium 4 1.80GHz,429,
AMD E-350D APU,429,
AMD Athlon II Neo N36L Dual-Core,428,
Intel Pentium III 1400S @ 1400MHz,428,
AMD Sempron 2200+,427,29.99
Intel Core Solo U1500 @ 1.33GHz,427,
Mobile Intel Pentium 4 - M 1.70GHz,427,195.49
Intel Celeron M 360 1.40GHz,426,
AMD E-350,425,
Intel Celeron U3400 @ 1.07GHz,425,
Intel Pentium M 1.40GHz,425,
AMD Athlon XP 1700+,424,
Intel Atom x5-Z8330 @ 1.44GHz,424,
Intel Celeron M 410 @ 1.46GHz,423,
AMD Athlon 1500+,422,
Intel Celeron M 1.30GHz,422,
Intel Celeron 1.80GHz,421,
Intel Celeron M 1300MHz,421,
AMD E-350 APU,418,
Intel Pentium III 1400 @ 1400MHz,418,
AMD Athlon XP1600+,418,
AMD E1-2200 APU,418,
Intel Pentium M 1300MHz,416,
Intel Atom x5-Z8350 @ 1.44GHz,415,21
Intel Pentium 4 1700MHz,410,
Intel Celeron N2810 @ 2.00GHz,409,139.99
Mobile AMD Sempron 3200+,409,
AMD Athlon XP 1600+,408,
Intel Celeron 807UE @ 1.00GHz,407,
Intel Atom E3845 @ 1.91GHz,404,
Mobile AMD Athlon MP-M 1800+,403,
AMD G-T48E,398,
Intel Xeon 2.00GHz,398,
Intel Atom E3827 @ 1.74GHz,398,
Intel Celeron N2806 @ 1.60GHz,397,
Intel Atom E3840 @ 1.91GHz,396,
Intel Celeron 220 @ 1.20GHz,392,
Intel Core Solo U1400 @ 1.20GHz,392,
Intel Pentium 4 Mobile 1.60GHz,392,
Intel Pentium 4 1.70GHz,391,
Mobile Intel Celeron 1.70GHz,391,
AMD GX-212JC SOC,390,
AMD E1-1500 APU,390,
Intel Atom x5-Z8300 @ 1.44GHz,389,132.99
Intel Atom Z3736F @ 1.33GHz,386,
AMD Athlon XP 1500+,386,
Intel Pentium M 1.30GHz,384,
Intel Celeron 1.70GHz,384,
Intel Core2 Duo U7500 @ 1.06GHz,383,
AMD Phenom X4 Quad-Core GP-9530,382,
Intel Pentium M 1.20GHz,380,
Intel Core Duo U2500 @ 1.20GHz,378,
AMD A4-1200 APU,371,
Intel Atom Z3740 @ 1.33GHz,370,
Intel Atom Z3745 @ 1.33GHz,368,
AMD E1-1200 APU,367,
Intel Pentium III Mobile 1200MHz,366,
VIA QuadCore L4700 @ 1.2+ GHz,364,
AMD E1-2100 APU,362,
Intel Atom C2338 @ 1.74GHz,359,
AMD A4-1250 APU,357,
Intel Atom Z3735G @ 1.33GHz,355,
Intel Atom Z3745D @ 1.33GHz,355,
VIA Nano L2007@1600MHz,355,
Intel Atom Z3735F @ 1.33GHz,354,181.3
Intel Atom D2700 @ 2.13GHz,351,
Intel Atom Z3735E @ 1.33GHz,351,117
Intel Pentium 4 1.50GHz,350,
Intel Atom Z3735D @ 1.33GHz,350,
AMD Athlon X2 Dual Core L310,350,
AMD E-240,349,
Intel Core Solo U1300 @ 1.06GHz,348,
AMD Athlon TF-36,346,
Intel Celeron N2910 @ 1.60GHz,346,
Intel Pentium 4 1.60GHz,345,
Intel Atom S1260 @ 2.00GHz,345,64
Intel Pentium 4 1500MHz,344,
AMD Athlon L110,344,
Intel Atom D2701 @ 2.13GHz,342,
AMD E-300 APU,342,
Intel Core Duo U2400 @ 1.06GHz,340,
AMD V105,339,
Intel Pentium M 1.10GHz,336,
Intel Pentium III Mobile 1133MHz,335,
Intel Atom Z3740D @ 1.33GHz,332,
VIA Nano L2207@1600MHz,330,
VIA Nano X2 U4025 @ 1.2 GHz,328,
Intel Celeron M 443 @ 1.20GHz,328,
Intel Celeron 1200MHz,327,
Intel Atom D2560 @ 2.00GHz,325,
Intel Pentium M 1000MHz,319,
AMD C-60,318,
AMD C-30,318,
Intel Atom E3815 @ 1.46GHz,316,169
AMD C-70 APU,315,
Intel Pentium 4 1300MHz,313,
Intel Atom E3826 @ 1.46GHz,313,
Mobile AMD Sempron 2100+,312,
AMD C-60 APU,310,
Intel Pentium M 900MHz,308,
VIA QuadCore U4650 @ 1.0+ GHz,304,
Intel Atom D2550 @ 1.86GHz,303,
Intel Atom Z3770D @ 1.49GHz,300,
Intel Pentium 4 Mobile 1.80GHz,300,
Intel Atom D2500 @ 1.86GHz,290,
Intel Celeron N2805 @ 1.46GHz,288,
Intel Atom N2800 @ 1.86GHz,286,
Intel Atom N2100 @ 1.60GHz,286,
Intel Atom D525 @ 1.80GHz,285,
Mobile Intel Pentium III - M 1200MHz,284,
VIA Nano U2500@1200MHz,282,
Intel Celeron 1100MHz,281,
Intel Atom N475 @ 1.83GHz,281,
VIA Nano L2100@1800MHz,280,
Intel Atom E3825 @ 1.33GHz,279,70.32
AMD G-T40E,278,
Intel Pentium 4 1400MHz,277,
Intel Atom D425 @ 1.80GHz,275,992.98
AMD G-T44R,274,
Mobile Intel Pentium III - M 933MHz,272,
AMD Z-60 APU,272,
Intel Atom Z2760 @ 1.80GHz,269,
VIA Eden C1050@1.06GHz,268,
Intel Celeron M 900MHz,267,
AMD C-50,266,
Intel Atom D510 @ 1.66GHz,265,97.16
AMD GX-210JA SOC,262,
Intel Atom N570 @ 1.66GHz,258,86
VIA Eden X2 U4200 @ 1.0+ GHz,257,
Intel Pentium M 1200MHz,255,
Intel Atom D410 @ 1.66GHz,254,635.99
Intel Atom N470 @ 1.83GHz,254,
Intel Atom 330 @ 1.60GHz,252,
Intel Celeron M 1.00GHz,251,11.89
Intel Atom N2600 @ 1.60GHz,250,
Intel Atom Z530 @ 1.60GHz,248,
VIA Nano U3500@1000MHz,248,
Intel Atom N280 @ 1.66GHz,248,
Intel Atom N450 @ 1.66GHz,245,
AMD Z-01,244,
Intel Atom 230 @ 1.60GHz,242,
VIA Nano U2250@1300+MHz,240,
Intel Pentium III Mobile 800MHz,238,
Intel Atom N270 @ 1.60GHz,237,
Intel Atom N455 @ 1.66GHz,237,
AMD Athlon XP1700+,235,
Intel Atom N550 @ 1.50GHz,234,86
Intel Atom Z670 @ 1.50GHz,226,
VIA C7-D 1800MHz,210,
Intel Atom N435 @ 1.33GHz,203,
Intel Pentium III Mobile 866MHz,203,
Intel Atom Z520 @ 1.33GHz,193,
VIA C7-M 1600MHz,189,
VIA C7-M 6300MHz,186,
VIA Esther 1500MHz,180,
VIA Eden 1200MHz,149,
VIA C7-M 1200MHz,131,
AMD Athlon 64 2000+,130,
VIA Eden 1000MHz,128,
VIA Nehemiah,115,
